scope,package,version,license
"backend","@babel/runtime","7.27.6","MIT"
"backend","@emnapi/runtime","1.4.4","MIT"
"backend","@fast-csv/format","4.3.5","MIT"
"backend","@fast-csv/format/node_modules/@types/node","14.18.63","MIT"
"backend","@fast-csv/parse","4.3.6","MIT"
"backend","@fast-csv/parse/node_modules/@types/node","14.18.63","MIT"
"backend","@img/sharp-darwin-arm64","0.34.3","Apache-2.0"
"backend","@img/sharp-darwin-x64","0.34.3","Apache-2.0"
"backend","@img/sharp-libvips-darwin-arm64","1.2.0","LGPL-3.0-or-later"
"backend","@img/sharp-libvips-darwin-x64","1.2.0","LGPL-3.0-or-later"
"backend","@img/sharp-libvips-linux-arm","1.2.0","LGPL-3.0-or-later"
"backend","@img/sharp-libvips-linux-arm64","1.2.0","LGPL-3.0-or-later"
"backend","@img/sharp-libvips-linux-ppc64","1.2.0","LGPL-3.0-or-later"
"backend","@img/sharp-libvips-linux-s390x","1.2.0","LGPL-3.0-or-later"
"backend","@img/sharp-libvips-linux-x64","1.2.0","LGPL-3.0-or-later"
"backend","@img/sharp-libvips-linuxmusl-arm64","1.2.0","LGPL-3.0-or-later"
"backend","@img/sharp-libvips-linuxmusl-x64","1.2.0","LGPL-3.0-or-later"
"backend","@img/sharp-linux-arm","0.34.3","Apache-2.0"
"backend","@img/sharp-linux-arm64","0.34.3","Apache-2.0"
"backend","@img/sharp-linux-ppc64","0.34.3","Apache-2.0"
"backend","@img/sharp-linux-s390x","0.34.3","Apache-2.0"
"backend","@img/sharp-linux-x64","0.34.3","Apache-2.0"
"backend","@img/sharp-linuxmusl-arm64","0.34.3","Apache-2.0"
"backend","@img/sharp-linuxmusl-x64","0.34.3","Apache-2.0"
"backend","@img/sharp-wasm32","0.34.3","Apache-2.0 AND LGPL-3.0-or-later AND MIT"
"backend","@img/sharp-win32-arm64","0.34.3","Apache-2.0 AND LGPL-3.0-or-later"
"backend","@img/sharp-win32-ia32","0.34.3","Apache-2.0 AND LGPL-3.0-or-later"
"backend","@img/sharp-win32-x64","0.34.3","Apache-2.0 AND LGPL-3.0-or-later"
"backend","@napi-rs/canvas","0.1.80","MIT"
"backend","@napi-rs/canvas-android-arm64","0.1.80","MIT"
"backend","@napi-rs/canvas-darwin-arm64","0.1.80","MIT"
"backend","@napi-rs/canvas-darwin-x64","0.1.80","MIT"
"backend","@napi-rs/canvas-linux-arm-gnueabihf","0.1.80","MIT"
"backend","@napi-rs/canvas-linux-arm64-gnu","0.1.80","MIT"
"backend","@napi-rs/canvas-linux-arm64-musl","0.1.80","MIT"
"backend","@napi-rs/canvas-linux-riscv64-gnu","0.1.80","MIT"
"backend","@napi-rs/canvas-linux-x64-gnu","0.1.80","MIT"
"backend","@napi-rs/canvas-linux-x64-musl","0.1.80","MIT"
"backend","@napi-rs/canvas-win32-x64-msvc","0.1.80","MIT"
"backend","accepts","1.3.8","MIT"
"backend","adler-32","1.3.1","Apache-2.0"
"backend","ansi-regex","5.0.1","MIT"
"backend","ansi-styles","4.3.0","MIT"
"backend","anymatch","3.1.3","ISC"
"backend","append-field","1.0.0","MIT"
"backend","archiver","5.3.2","MIT"
"backend","archiver-utils","2.1.0","MIT"
"backend","archiver/node_modules/readable-stream","3.6.2","MIT"
"backend","array-flatten","1.1.1","MIT"
"backend","async","3.2.6","MIT"
"backend","aws-sdk","1.18.0","UNKNOWN"
"backend","balanced-match","1.0.2","MIT"
"backend","base64-js","1.5.1","MIT"
"backend","bcryptjs","2.4.3","MIT"
"backend","big-integer","1.6.52","Unlicense"
"backend","binary","0.3.0","MIT"
"backend","binary-extensions","2.3.0","MIT"
"backend","bl","4.1.0","MIT"
"backend","bl/node_modules/readable-stream","3.6.2","MIT"
"backend","bluebird","3.4.7","MIT"
"backend","body-parser","1.20.4","MIT"
"backend","body-parser/node_modules/http-errors","2.0.1","MIT"
"backend","body-parser/node_modules/statuses","2.0.2","MIT"
"backend","brace-expansion","1.1.12","MIT"
"backend","braces","3.0.3","MIT"
"backend","buffer","5.7.1","MIT"
"backend","buffer-crc32","0.2.13","MIT"
"backend","buffer-equal-constant-time","1.0.1","BSD-3-Clause"
"backend","buffer-from","1.1.2","MIT"
"backend","buffer-indexof-polyfill","1.0.2","MIT"
"backend","buffers","0.1.1","UNKNOWN"
"backend","busboy","1.6.0","UNKNOWN"
"backend","bytes","3.1.2","MIT"
"backend","call-bind-apply-helpers","1.0.2","MIT"
"backend","call-bound","1.0.4","MIT"
"backend","cfb","1.2.2","Apache-2.0"
"backend","chainsaw","0.1.0","MIT/X11"
"backend","chalk","4.1.2","MIT"
"backend","chalk/node_modules/supports-color","7.2.0","MIT"
"backend","chokidar","3.6.0","MIT"
"backend","cliui","8.0.1","ISC"
"backend","codepage","1.15.0","Apache-2.0"
"backend","color","4.2.3","MIT"
"backend","color-convert","2.0.1","MIT"
"backend","color-name","1.1.4","MIT"
"backend","color-string","1.9.1","MIT"
"backend","compress-commons","4.1.2","MIT"
"backend","compress-commons/node_modules/readable-stream","3.6.2","MIT"
"backend","compressible","2.0.18","MIT"
"backend","compression","1.8.1","MIT"
"backend","compression/node_modules/negotiator","0.6.4","MIT"
"backend","concat-map","0.0.1","MIT"
"backend","concat-stream","1.6.2","MIT"
"backend","concurrently","8.2.2","MIT"
"backend","content-disposition","0.5.4","MIT"
"backend","content-type","1.0.5","MIT"
"backend","cookie","0.7.1","MIT"
"backend","cookie-signature","1.0.6","MIT"
"backend","core-util-is","1.0.3","MIT"
"backend","cors","2.8.5","MIT"
"backend","crc-32","1.2.2","Apache-2.0"
"backend","crc32-stream","4.0.3","MIT"
"backend","crc32-stream/node_modules/readable-stream","3.6.2","MIT"
"backend","csv-parser","3.2.0","MIT"
"backend","date-fns","2.30.0","MIT"
"backend","dayjs","1.11.13","MIT"
"backend","debug","2.6.9","MIT"
"backend","depd","2.0.0","MIT"
"backend","destroy","1.2.0","MIT"
"backend","detect-libc","2.0.4","Apache-2.0"
"backend","dotenv","16.6.1","BSD-2-Clause"
"backend","dunder-proto","1.0.1","MIT"
"backend","duplexer2","0.1.4","BSD-3-Clause"
"backend","ecdsa-sig-formatter","1.0.11","Apache-2.0"
"backend","ee-first","1.1.1","MIT"
"backend","emoji-regex","8.0.0","MIT"
"backend","encodeurl","2.0.0","MIT"
"backend","end-of-stream","1.4.5","MIT"
"backend","es-define-property","1.0.1","MIT"
"backend","es-errors","1.3.0","MIT"
"backend","es-object-atoms","1.1.1","MIT"
"backend","escalade","3.2.0","MIT"
"backend","escape-html","1.0.3","MIT"
"backend","etag","1.8.1","MIT"
"backend","exceljs","4.4.0","MIT"
"backend","exceljs/node_modules/readable-stream","3.6.2","MIT"
"backend","exceljs/node_modules/uuid","8.3.2","MIT"
"backend","express","4.22.1","MIT"
"backend","fast-csv","4.3.6","MIT"
"backend","fill-range","7.1.1","MIT"
"backend","finalhandler","1.3.1","MIT"
"backend","forwarded","0.2.0","MIT"
"backend","frac","1.1.2","Apache-2.0"
"backend","fresh","0.5.2","MIT"
"backend","fs-constants","1.0.0","MIT"
"backend","fs.realpath","1.0.0","ISC"
"backend","fsevents","2.3.3","MIT"
"backend","fstream","1.0.12","ISC"
"backend","function-bind","1.1.2","MIT"
"backend","get-caller-file","2.0.5","ISC"
"backend","get-intrinsic","1.3.0","MIT"
"backend","get-proto","1.0.1","MIT"
"backend","glob","7.2.3","ISC"
"backend","glob-parent","5.1.2","ISC"
"backend","gopd","1.2.0","MIT"
"backend","graceful-fs","4.2.11","ISC"
"backend","has-flag","4.0.0","MIT"
"backend","has-symbols","1.1.0","MIT"
"backend","hasown","2.0.2","MIT"
"backend","http-errors","2.0.0","MIT"
"backend","iconv-lite","0.4.24","MIT"
"backend","ieee754","1.2.1","BSD-3-Clause"
"backend","ignore-by-default","1.0.1","ISC"
"backend","immediate","3.0.6","MIT"
"backend","inflight","1.0.6","ISC"
"backend","inherits","2.0.4","ISC"
"backend","ipaddr.js","1.9.1","MIT"
"backend","is-arrayish","0.3.2","MIT"
"backend","is-binary-path","2.1.0","MIT"
"backend","is-extglob","2.1.1","MIT"
"backend","is-fullwidth-code-point","3.0.0","MIT"
"backend","is-glob","4.0.3","MIT"
"backend","is-number","7.0.0","MIT"
"backend","isarray","1.0.0","MIT"
"backend","jsonwebtoken","9.0.2","MIT"
"backend","jsonwebtoken/node_modules/jwa","1.4.2","MIT"
"backend","jsonwebtoken/node_modules/jws","3.2.3","MIT"
"backend","jsonwebtoken/node_modules/ms","2.1.3","MIT"
"backend","jszip","3.10.1","(MIT OR GPL-3.0-or-later)"
"backend","lazystream","1.0.1","MIT"
"backend","lie","3.3.0","MIT"
"backend","listenercount","1.0.1","ISC"
"backend","lodash","4.17.23","MIT"
"backend","lodash.defaults","4.2.0","MIT"
"backend","lodash.difference","4.5.0","MIT"
"backend","lodash.escaperegexp","4.1.2","MIT"
"backend","lodash.flatten","4.4.0","MIT"
"backend","lodash.groupby","4.6.0","MIT"
"backend","lodash.includes","4.3.0","MIT"
"backend","lodash.isboolean","3.0.3","MIT"
"backend","lodash.isequal","4.5.0","MIT"
"backend","lodash.isfunction","3.0.9","MIT"
"backend","lodash.isinteger","4.0.4","MIT"
"backend","lodash.isnil","4.0.0","MIT"
"backend","lodash.isnumber","3.0.3","MIT"
"backend","lodash.isplainobject","4.0.6","MIT"
"backend","lodash.isstring","4.0.1","MIT"
"backend","lodash.isundefined","3.0.1","MIT"
"backend","lodash.once","4.1.1","MIT"
"backend","lodash.union","4.6.0","MIT"
"backend","lodash.uniq","4.5.0","MIT"
"backend","math-intrinsics","1.1.0","MIT"
"backend","media-typer","0.3.0","MIT"
"backend","merge-descriptors","1.0.3","MIT"
"backend","methods","1.1.2","MIT"
"backend","mime","1.6.0","MIT"
"backend","mime-db","1.52.0","MIT"
"backend","mime-types","2.1.35","MIT"
"backend","minimatch","3.1.5","ISC"
"backend","minimist","1.2.8","MIT"
"backend","mkdirp","0.5.6","MIT"
"backend","ms","2.0.0","MIT"
"backend","multer","1.4.5-lts.2","MIT"
"backend","negotiator","0.6.3","MIT"
"backend","nodemon","3.1.10","MIT"
"backend","nodemon/node_modules/debug","4.4.1","MIT"
"backend","nodemon/node_modules/has-flag","3.0.0","MIT"
"backend","nodemon/node_modules/ms","2.1.3","MIT"
"backend","nodemon/node_modules/supports-color","5.5.0","MIT"
"backend","normalize-path","3.0.0","MIT"
"backend","object-assign","4.1.1","MIT"
"backend","object-inspect","1.13.4","MIT"
"backend","on-finished","2.4.1","MIT"
"backend","on-headers","1.1.0","MIT"
"backend","once","1.4.0","ISC"
"backend","pako","1.0.11","(MIT AND Zlib)"
"backend","parseurl","1.3.3","MIT"
"backend","path-is-absolute","1.0.1","MIT"
"backend","path-to-regexp","0.1.12","MIT"
"backend","pdf-parse","2.4.5","Apache-2.0"
"backend","pdfjs-dist","5.4.296","Apache-2.0"
"backend","pg","8.16.3","MIT"
"backend","pg-cloudflare","1.2.7","MIT"
"backend","pg-connection-string","2.9.1","MIT"
"backend","pg-int8","1.0.1","ISC"
"backend","pg-pool","3.10.1","MIT"
"backend","pg-protocol","1.10.3","MIT"
"backend","pg-types","2.2.0","MIT"
"backend","pgpass","1.0.5","MIT"
"backend","picomatch","2.3.1","MIT"
"backend","postgres-array","2.0.0","MIT"
"backend","postgres-bytea","1.0.0","MIT"
"backend","postgres-date","1.0.7","MIT"
"backend","postgres-interval","1.2.0","MIT"
"backend","process-nextick-args","2.0.1","MIT"
"backend","proxy-addr","2.0.7","MIT"
"backend","pstree.remy","1.1.8","MIT"
"backend","qs","6.14.2","BSD-3-Clause"
"backend","range-parser","1.2.1","MIT"
"backend","raw-body","2.5.3","MIT"
"backend","raw-body/node_modules/http-errors","2.0.1","MIT"
"backend","raw-body/node_modules/statuses","2.0.2","MIT"
"backend","readable-stream","2.3.8","MIT"
"backend","readable-stream/node_modules/safe-buffer","5.1.2","MIT"
"backend","readdir-glob","1.1.3","Apache-2.0"
"backend","readdir-glob/node_modules/brace-expansion","2.0.2","MIT"
"backend","readdir-glob/node_modules/minimatch","5.1.9","ISC"
"backend","readdirp","3.6.0","MIT"
"backend","require-directory","2.1.1","MIT"
"backend","rimraf","2.7.1","ISC"
"backend","rxjs","7.8.2","Apache-2.0"
"backend","safe-buffer","5.2.1","MIT"
"backend","safer-buffer","2.1.2","MIT"
"backend","sax","1.4.4","BlueOak-1.0.0"
"backend","saxes","5.0.1","ISC"
"backend","semver","7.7.2","ISC"
"backend","send","0.19.0","MIT"
"backend","send/node_modules/encodeurl","1.0.2","MIT"
"backend","send/node_modules/ms","2.1.3","MIT"
"backend","serve-static","1.16.2","MIT"
"backend","setimmediate","1.0.5","MIT"
"backend","setprototypeof","1.2.0","ISC"
"backend","sharp","0.34.3","Apache-2.0"
"backend","shell-quote","1.8.3","MIT"
"backend","side-channel","1.1.0","MIT"
"backend","side-channel-list","1.0.0","MIT"
"backend","side-channel-map","1.0.1","MIT"
"backend","side-channel-weakmap","1.0.2","MIT"
"backend","simple-swizzle","0.2.2","MIT"
"backend","simple-update-notifier","2.0.0","MIT"
"backend","spawn-command","0.0.2","UNKNOWN"
"backend","split2","4.2.0","ISC"
"backend","ssf","0.11.2","Apache-2.0"
"backend","statuses","2.0.1","MIT"
"backend","streamsearch","1.1.0","UNKNOWN"
"backend","string_decoder","1.1.1","MIT"
"backend","string_decoder/node_modules/safe-buffer","5.1.2","MIT"
"backend","string-width","4.2.3","MIT"
"backend","strip-ansi","6.0.1","MIT"
"backend","supports-color","8.1.1","MIT"
"backend","tar-stream","2.2.0","MIT"
"backend","tar-stream/node_modules/readable-stream","3.6.2","MIT"
"backend","tmp","0.2.5","MIT"
"backend","to-regex-range","5.0.1","MIT"
"backend","toidentifier","1.0.1","MIT"
"backend","touch","3.1.1","ISC"
"backend","traverse","0.3.9","MIT/X11"
"backend","tree-kill","1.2.2","MIT"
"backend","tslib","2.8.1","0BSD"
"backend","type-is","1.6.18","MIT"
"backend","typedarray","0.0.6","MIT"
"backend","undefsafe","2.0.5","MIT"
"backend","unpipe","1.0.0","MIT"
"backend","unzipper","0.10.14","MIT"
"backend","util-deprecate","1.0.2","MIT"
"backend","utils-merge","1.0.1","MIT"
"backend","uuid","11.1.0","MIT"
"backend","vary","1.1.2","MIT"
"backend","wmf","1.0.2","Apache-2.0"
"backend","word","0.3.0","Apache-2.0"
"backend","wrap-ansi","7.0.0","MIT"
"backend","wrappy","1.0.2","ISC"
"backend","xlsx","0.18.5","Apache-2.0"
"backend","xml2js","0.2.4","UNKNOWN"
"backend","xmlbuilder","0.4.2","UNKNOWN"
"backend","xmlchars","2.2.0","MIT"
"backend","xtend","4.0.2","MIT"
"backend","y18n","5.0.8","ISC"
"backend","yargs","17.7.2","MIT"
"backend","yargs-parser","21.1.1","ISC"
"backend","zip-stream","4.1.1","MIT"
"backend","zip-stream/node_modules/archiver-utils","3.0.4","MIT"
"backend","zip-stream/node_modules/readable-stream","3.6.2","MIT"
"frontend","@adobe/css-tools","4.4.3","MIT"
"frontend","@alloc/quick-lru","5.2.0","MIT"
"frontend","@ampproject/remapping","2.3.0","Apache-2.0"
"frontend","@babel/code-frame","7.27.1","MIT"
"frontend","@babel/compat-data","7.28.0","MIT"
"frontend","@babel/core","7.28.0","MIT"
"frontend","@babel/core/node_modules/semver","6.3.1","ISC"
"frontend","@babel/eslint-parser","7.28.0","MIT"
"frontend","@babel/eslint-parser/node_modules/eslint-visitor-keys","2.1.0","Apache-2.0"
"frontend","@babel/eslint-parser/node_modules/semver","6.3.1","ISC"
"frontend","@babel/generator","7.28.0","MIT"
"frontend","@babel/helper-annotate-as-pure","7.27.3","MIT"
"frontend","@babel/helper-compilation-targets","7.27.2","MIT"
"frontend","@babel/helper-compilation-targets/node_modules/semver","6.3.1","ISC"
"frontend","@babel/helper-create-class-features-plugin","7.27.1","MIT"
"frontend","@babel/helper-create-class-features-plugin/node_modules/semver","6.3.1","ISC"
"frontend","@babel/helper-create-regexp-features-plugin","7.27.1","MIT"
"frontend","@babel/helper-create-regexp-features-plugin/node_modules/semver","6.3.1","ISC"
"frontend","@babel/helper-define-polyfill-provider","0.6.5","MIT"
"frontend","@babel/helper-globals","7.28.0","MIT"
"frontend","@babel/helper-member-expression-to-functions","7.27.1","MIT"
"frontend","@babel/helper-module-imports","7.27.1","MIT"
"frontend","@babel/helper-module-transforms","7.27.3","MIT"
"frontend","@babel/helper-optimise-call-expression","7.27.1","MIT"
"frontend","@babel/helper-plugin-utils","7.27.1","MIT"
"frontend","@babel/helper-remap-async-to-generator","7.27.1","MIT"
"frontend","@babel/helper-replace-supers","7.27.1","MIT"
"frontend","@babel/helper-skip-transparent-expression-wrappers","7.27.1","MIT"
"frontend","@babel/helper-string-parser","7.27.1","MIT"
"frontend","@babel/helper-validator-identifier","7.27.1","MIT"
"frontend","@babel/helper-validator-option","7.27.1","MIT"
"frontend","@babel/helper-wrap-function","7.27.1","MIT"
"frontend","@babel/helpers","7.27.6","MIT"
"frontend","@babel/parser","7.28.0","MIT"
"frontend","@babel/plugin-bugfix-firefox-class-in-computed-class-key","7.27.1","MIT"
"frontend","@babel/plugin-bugfix-safari-class-field-initializer-scope","7.27.1","MIT"
"frontend","@babel/plugin-bugfix-safari-id-destructuring-collision-in-function-expression","7.27.1","MIT"
"frontend","@babel/plugin-bugfix-v8-spread-parameters-in-optional-chaining","7.27.1","MIT"
"frontend","@babel/plugin-bugfix-v8-static-class-fields-redefine-readonly","7.27.1","MIT"
"frontend","@babel/plugin-proposal-class-properties","7.18.6","MIT"
"frontend","@babel/plugin-proposal-decorators","7.28.0","MIT"
"frontend","@babel/plugin-proposal-nullish-coalescing-operator","7.18.6","MIT"
"frontend","@babel/plugin-proposal-numeric-separator","7.18.6","MIT"
"frontend","@babel/plugin-proposal-optional-chaining","7.21.0","MIT"
"frontend","@babel/plugin-proposal-private-methods","7.18.6","MIT"
"frontend","@babel/plugin-proposal-private-property-in-object","7.21.0-placeholder-for-preset-env.2","MIT"
"frontend","@babel/plugin-syntax-async-generators","7.8.4","MIT"
"frontend","@babel/plugin-syntax-bigint","7.8.3","MIT"
"frontend","@babel/plugin-syntax-class-properties","7.12.13","MIT"
"frontend","@babel/plugin-syntax-class-static-block","7.14.5","MIT"
"frontend","@babel/plugin-syntax-decorators","7.27.1","MIT"
"frontend","@babel/plugin-syntax-flow","7.27.1","MIT"
"frontend","@babel/plugin-syntax-import-assertions","7.27.1","MIT"
"frontend","@babel/plugin-syntax-import-attributes","7.27.1","MIT"
"frontend","@babel/plugin-syntax-import-meta","7.10.4","MIT"
"frontend","@babel/plugin-syntax-json-strings","7.8.3","MIT"
"frontend","@babel/plugin-syntax-jsx","7.27.1","MIT"
"frontend","@babel/plugin-syntax-logical-assignment-operators","7.10.4","MIT"
"frontend","@babel/plugin-syntax-nullish-coalescing-operator","7.8.3","MIT"
"frontend","@babel/plugin-syntax-numeric-separator","7.10.4","MIT"
"frontend","@babel/plugin-syntax-object-rest-spread","7.8.3","MIT"
"frontend","@babel/plugin-syntax-optional-catch-binding","7.8.3","MIT"
"frontend","@babel/plugin-syntax-optional-chaining","7.8.3","MIT"
"frontend","@babel/plugin-syntax-private-property-in-object","7.14.5","MIT"
"frontend","@babel/plugin-syntax-top-level-await","7.14.5","MIT"
"frontend","@babel/plugin-syntax-typescript","7.27.1","MIT"
"frontend","@babel/plugin-syntax-unicode-sets-regex","7.18.6","MIT"
"frontend","@babel/plugin-transform-arrow-functions","7.27.1","MIT"
"frontend","@babel/plugin-transform-async-generator-functions","7.28.0","MIT"
"frontend","@babel/plugin-transform-async-to-generator","7.27.1","MIT"
"frontend","@babel/plugin-transform-block-scoped-functions","7.27.1","MIT"
"frontend","@babel/plugin-transform-block-scoping","7.28.0","MIT"
"frontend","@babel/plugin-transform-class-properties","7.27.1","MIT"
"frontend","@babel/plugin-transform-class-static-block","7.27.1","MIT"
"frontend","@babel/plugin-transform-classes","7.28.0","MIT"
"frontend","@babel/plugin-transform-computed-properties","7.27.1","MIT"
"frontend","@babel/plugin-transform-destructuring","7.28.0","MIT"
"frontend","@babel/plugin-transform-dotall-regex","7.27.1","MIT"
"frontend","@babel/plugin-transform-duplicate-keys","7.27.1","MIT"
"frontend","@babel/plugin-transform-duplicate-named-capturing-groups-regex","7.27.1","MIT"
"frontend","@babel/plugin-transform-dynamic-import","7.27.1","MIT"
"frontend","@babel/plugin-transform-explicit-resource-management","7.28.0","MIT"
"frontend","@babel/plugin-transform-exponentiation-operator","7.27.1","MIT"
"frontend","@babel/plugin-transform-export-namespace-from","7.27.1","MIT"
"frontend","@babel/plugin-transform-flow-strip-types","7.27.1","MIT"
"frontend","@babel/plugin-transform-for-of","7.27.1","MIT"
"frontend","@babel/plugin-transform-function-name","7.27.1","MIT"
"frontend","@babel/plugin-transform-json-strings","7.27.1","MIT"
"frontend","@babel/plugin-transform-literals","7.27.1","MIT"
"frontend","@babel/plugin-transform-logical-assignment-operators","7.27.1","MIT"
"frontend","@babel/plugin-transform-member-expression-literals","7.27.1","MIT"
"frontend","@babel/plugin-transform-modules-amd","7.27.1","MIT"
"frontend","@babel/plugin-transform-modules-commonjs","7.27.1","MIT"
"frontend","@babel/plugin-transform-modules-systemjs","7.27.1","MIT"
"frontend","@babel/plugin-transform-modules-umd","7.27.1","MIT"
"frontend","@babel/plugin-transform-named-capturing-groups-regex","7.27.1","MIT"
"frontend","@babel/plugin-transform-new-target","7.27.1","MIT"
"frontend","@babel/plugin-transform-nullish-coalescing-operator","7.27.1","MIT"
"frontend","@babel/plugin-transform-numeric-separator","7.27.1","MIT"
"frontend","@babel/plugin-transform-object-rest-spread","7.28.0","MIT"
"frontend","@babel/plugin-transform-object-super","7.27.1","MIT"
"frontend","@babel/plugin-transform-optional-catch-binding","7.27.1","MIT"
"frontend","@babel/plugin-transform-optional-chaining","7.27.1","MIT"
"frontend","@babel/plugin-transform-parameters","7.27.7","MIT"
"frontend","@babel/plugin-transform-private-methods","7.27.1","MIT"
"frontend","@babel/plugin-transform-private-property-in-object","7.27.1","MIT"
"frontend","@babel/plugin-transform-property-literals","7.27.1","MIT"
"frontend","@babel/plugin-transform-react-constant-elements","7.27.1","MIT"
"frontend","@babel/plugin-transform-react-display-name","7.28.0","MIT"
"frontend","@babel/plugin-transform-react-jsx","7.27.1","MIT"
"frontend","@babel/plugin-transform-react-jsx-development","7.27.1","MIT"
"frontend","@babel/plugin-transform-react-pure-annotations","7.27.1","MIT"
"frontend","@babel/plugin-transform-regenerator","7.28.1","MIT"
"frontend","@babel/plugin-transform-regexp-modifiers","7.27.1","MIT"
"frontend","@babel/plugin-transform-reserved-words","7.27.1","MIT"
"frontend","@babel/plugin-transform-runtime","7.28.0","MIT"
"frontend","@babel/plugin-transform-runtime/node_modules/semver","6.3.1","ISC"
"frontend","@babel/plugin-transform-shorthand-properties","7.27.1","MIT"
"frontend","@babel/plugin-transform-spread","7.27.1","MIT"
"frontend","@babel/plugin-transform-sticky-regex","7.27.1","MIT"
"frontend","@babel/plugin-transform-template-literals","7.27.1","MIT"
"frontend","@babel/plugin-transform-typeof-symbol","7.27.1","MIT"
"frontend","@babel/plugin-transform-typescript","7.28.0","MIT"
"frontend","@babel/plugin-transform-unicode-escapes","7.27.1","MIT"
"frontend","@babel/plugin-transform-unicode-property-regex","7.27.1","MIT"
"frontend","@babel/plugin-transform-unicode-regex","7.27.1","MIT"
"frontend","@babel/plugin-transform-unicode-sets-regex","7.27.1","MIT"
"frontend","@babel/preset-env","7.28.0","MIT"
"frontend","@babel/preset-env/node_modules/semver","6.3.1","ISC"
"frontend","@babel/preset-modules","0.1.6-no-external-plugins","MIT"
"frontend","@babel/preset-react","7.27.1","MIT"
"frontend","@babel/preset-typescript","7.27.1","MIT"
"frontend","@babel/runtime","7.27.6","MIT"
"frontend","@babel/template","7.27.2","MIT"
"frontend","@babel/traverse","7.28.0","MIT"
"frontend","@babel/types","7.28.1","MIT"
"frontend","@bcoe/v8-coverage","0.2.3","MIT"
"frontend","@csstools/normalize.css","12.1.1","CC0-1.0"
"frontend","@csstools/postcss-cascade-layers","1.1.1","CC0-1.0"
"frontend","@csstools/postcss-color-function","1.1.1","CC0-1.0"
"frontend","@csstools/postcss-font-format-keywords","1.0.1","CC0-1.0"
"frontend","@csstools/postcss-hwb-function","1.0.2","CC0-1.0"
"frontend","@csstools/postcss-ic-unit","1.0.1","CC0-1.0"
"frontend","@csstools/postcss-is-pseudo-class","2.0.7","CC0-1.0"
"frontend","@csstools/postcss-nested-calc","1.0.0","CC0-1.0"
"frontend","@csstools/postcss-normalize-display-values","1.0.1","CC0-1.0"
"frontend","@csstools/postcss-oklab-function","1.1.1","CC0-1.0"
"frontend","@csstools/postcss-progressive-custom-properties","1.3.0","CC0-1.0"
"frontend","@csstools/postcss-stepped-value-functions","1.0.1","CC0-1.0"
"frontend","@csstools/postcss-text-decoration-shorthand","1.0.0","CC0-1.0"
"frontend","@csstools/postcss-trigonometric-functions","1.0.2","CC0-1.0"
"frontend","@csstools/postcss-unset-value","1.0.2","CC0-1.0"
"frontend","@csstools/selector-specificity","2.2.0","CC0-1.0"
"frontend","@eslint-community/eslint-utils","4.7.0","MIT"
"frontend","@eslint-community/regexpp","4.12.1","MIT"
"frontend","@eslint/eslintrc","2.1.4","MIT"
"frontend","@eslint/eslintrc/node_modules/argparse","2.0.1","Python-2.0"
"frontend","@eslint/eslintrc/node_modules/js-yaml","4.1.0","MIT"
"frontend","@eslint/js","8.57.1","MIT"
"frontend","@humanwhocodes/config-array","0.13.0","Apache-2.0"
"frontend","@humanwhocodes/module-importer","1.0.1","Apache-2.0"
"frontend","@humanwhocodes/object-schema","2.0.3","BSD-3-Clause"
"frontend","@isaacs/cliui","8.0.2","ISC"
"frontend","@isaacs/cliui/node_modules/ansi-regex","6.1.0","MIT"
"frontend","@isaacs/cliui/node_modules/ansi-styles","6.2.1","MIT"
"frontend","@isaacs/cliui/node_modules/string-width","5.1.2","MIT"
"frontend","@isaacs/cliui/node_modules/strip-ansi","7.1.0","MIT"
"frontend","@isaacs/cliui/node_modules/wrap-ansi","8.1.0","MIT"
"frontend","@istanbuljs/load-nyc-config","1.1.0","ISC"
"frontend","@istanbuljs/load-nyc-config/node_modules/camelcase","5.3.1","MIT"
"frontend","@istanbuljs/schema","0.1.3","MIT"
"frontend","@jest/console","27.5.1","MIT"
"frontend","@jest/console/node_modules/@jest/types","27.5.1","MIT"
"frontend","@jest/console/node_modules/@types/yargs","16.0.9","MIT"
"frontend","@jest/console/node_modules/ci-info","3.9.0","MIT"
"frontend","@jest/console/node_modules/jest-message-util","27.5.1","MIT"
"frontend","@jest/console/node_modules/jest-util","27.5.1","MIT"
"frontend","@jest/console/node_modules/picomatch","2.3.1","MIT"
"frontend","@jest/core","27.5.1","MIT"
"frontend","@jest/core/node_modules/@jest/types","27.5.1","MIT"
"frontend","@jest/core/node_modules/@types/yargs","16.0.9","MIT"
"frontend","@jest/core/node_modules/ci-info","3.9.0","MIT"
"frontend","@jest/core/node_modules/jest-message-util","27.5.1","MIT"
"frontend","@jest/core/node_modules/jest-regex-util","27.5.1","MIT"
"frontend","@jest/core/node_modules/jest-util","27.5.1","MIT"
"frontend","@jest/core/node_modules/picomatch","2.3.1","MIT"
"frontend","@jest/diff-sequences","30.0.1","MIT"
"frontend","@jest/environment","27.5.1","MIT"
"frontend","@jest/environment/node_modules/@jest/types","27.5.1","MIT"
"frontend","@jest/environment/node_modules/@types/yargs","16.0.9","MIT"
"frontend","@jest/environment/node_modules/jest-mock","27.5.1","MIT"
"frontend","@jest/expect-utils","30.0.4","MIT"
"frontend","@jest/fake-timers","27.5.1","MIT"
"frontend","@jest/fake-timers/node_modules/@jest/types","27.5.1","MIT"
"frontend","@jest/fake-timers/node_modules/@types/yargs","16.0.9","MIT"
"frontend","@jest/fake-timers/node_modules/ci-info","3.9.0","MIT"
"frontend","@jest/fake-timers/node_modules/jest-message-util","27.5.1","MIT"
"frontend","@jest/fake-timers/node_modules/jest-mock","27.5.1","MIT"
"frontend","@jest/fake-timers/node_modules/jest-util","27.5.1","MIT"
"frontend","@jest/fake-timers/node_modules/picomatch","2.3.1","MIT"
"frontend","@jest/get-type","30.0.1","MIT"
"frontend","@jest/globals","27.5.1","MIT"
"frontend","@jest/globals/node_modules/@jest/types","27.5.1","MIT"
"frontend","@jest/globals/node_modules/@types/yargs","16.0.9","MIT"
"frontend","@jest/globals/node_modules/expect","27.5.1","MIT"
"frontend","@jest/globals/node_modules/jest-diff","27.5.1","MIT"
"frontend","@jest/globals/node_modules/jest-matcher-utils","27.5.1","MIT"
"frontend","@jest/globals/node_modules/jest-message-util","27.5.1","MIT"
"frontend","@jest/pattern","30.0.1","MIT"
"frontend","@jest/reporters","27.5.1","MIT"
"frontend","@jest/reporters/node_modules/@jest/types","27.5.1","MIT"
"frontend","@jest/reporters/node_modules/@types/yargs","16.0.9","MIT"
"frontend","@jest/reporters/node_modules/ci-info","3.9.0","MIT"
"frontend","@jest/reporters/node_modules/jest-util","27.5.1","MIT"
"frontend","@jest/reporters/node_modules/picomatch","2.3.1","MIT"
"frontend","@jest/reporters/node_modules/source-map","0.6.1","BSD-3-Clause"
"frontend","@jest/schemas","30.0.1","MIT"
"frontend","@jest/source-map","27.5.1","MIT"
"frontend","@jest/source-map/node_modules/source-map","0.6.1","BSD-3-Clause"
"frontend","@jest/test-result","27.5.1","MIT"
"frontend","@jest/test-result/node_modules/@jest/types","27.5.1","MIT"
"frontend","@jest/test-result/node_modules/@types/yargs","16.0.9","MIT"
"frontend","@jest/test-sequencer","27.5.1","MIT"
"frontend","@jest/transform","27.5.1","MIT"
"frontend","@jest/transform/node_modules/@jest/types","27.5.1","MIT"
"frontend","@jest/transform/node_modules/@types/yargs","16.0.9","MIT"
"frontend","@jest/transform/node_modules/ci-info","3.9.0","MIT"
"frontend","@jest/transform/node_modules/convert-source-map","1.9.0","MIT"
"frontend","@jest/transform/node_modules/jest-regex-util","27.5.1","MIT"
"frontend","@jest/transform/node_modules/jest-util","27.5.1","MIT"
"frontend","@jest/transform/node_modules/picomatch","2.3.1","MIT"
"frontend","@jest/transform/node_modules/source-map","0.6.1","BSD-3-Clause"
"frontend","@jest/types","30.0.1","MIT"
"frontend","@jridgewell/gen-mapping","0.3.12","MIT"
"frontend","@jridgewell/resolve-uri","3.1.2","MIT"
"frontend","@jridgewell/source-map","0.3.10","MIT"
"frontend","@jridgewell/sourcemap-codec","1.5.4","MIT"
"frontend","@jridgewell/trace-mapping","0.3.29","MIT"
"frontend","@leichtgewicht/ip-codec","2.0.5","MIT"
"frontend","@nicolo-ribaudo/eslint-scope-5-internals","5.1.1-v1","MIT"
"frontend","@nicolo-ribaudo/eslint-scope-5-internals/node_modules/eslint-scope","5.1.1","BSD-2-Clause"
"frontend","@nicolo-ribaudo/eslint-scope-5-internals/node_modules/estraverse","4.3.0","BSD-2-Clause"
"frontend","@nodelib/fs.scandir","2.1.5","MIT"
"frontend","@nodelib/fs.stat","2.0.5","MIT"
"frontend","@nodelib/fs.walk","1.2.8","MIT"
"frontend","@pkgjs/parseargs","0.11.0","MIT"
"frontend","@pmmmwh/react-refresh-webpack-plugin","0.5.17","MIT"
"frontend","@remix-run/router","1.23.0","MIT"
"frontend","@rollup/plugin-babel","5.3.1","MIT"
"frontend","@rollup/plugin-node-resolve","11.2.1","MIT"
"frontend","@rollup/plugin-replace","2.4.2","MIT"
"frontend","@rollup/pluginutils","3.1.0","MIT"
"frontend","@rollup/pluginutils/node_modules/@types/estree","0.0.39","MIT"
"frontend","@rollup/pluginutils/node_modules/picomatch","2.3.1","MIT"
"frontend","@rtsao/scc","1.1.0","MIT"
"frontend","@rushstack/eslint-patch","1.12.0","MIT"
"frontend","@sinclair/typebox","0.34.37","MIT"
"frontend","@sinonjs/commons","1.8.6","BSD-3-Clause"
"frontend","@sinonjs/fake-timers","8.1.0","BSD-3-Clause"
"frontend","@surma/rollup-plugin-off-main-thread","2.2.3","Apache-2.0"
"frontend","@svgr/babel-plugin-add-jsx-attribute","5.4.0","MIT"
"frontend","@svgr/babel-plugin-remove-jsx-attribute","5.4.0","MIT"
"frontend","@svgr/babel-plugin-remove-jsx-empty-expression","5.0.1","MIT"
"frontend","@svgr/babel-plugin-replace-jsx-attribute-value","5.0.1","MIT"
"frontend","@svgr/babel-plugin-svg-dynamic-title","5.4.0","MIT"
"frontend","@svgr/babel-plugin-svg-em-dimensions","5.4.0","MIT"
"frontend","@svgr/babel-plugin-transform-react-native-svg","5.4.0","MIT"
"frontend","@svgr/babel-plugin-transform-svg-component","5.5.0","MIT"
"frontend","@svgr/babel-preset","5.5.0","MIT"
"frontend","@svgr/core","5.5.0","MIT"
"frontend","@svgr/hast-util-to-babel-ast","5.5.0","MIT"
"frontend","@svgr/plugin-jsx","5.5.0","MIT"
"frontend","@svgr/plugin-svgo","5.5.0","MIT"
"frontend","@svgr/webpack","5.5.0","MIT"
"frontend","@testing-library/dom","10.4.0","MIT"
"frontend","@testing-library/jest-dom","5.17.0","MIT"
"frontend","@testing-library/jest-dom/node_modules/chalk","3.0.0","MIT"
"frontend","@testing-library/react","13.4.0","MIT"
"frontend","@testing-library/react/node_modules/@testing-library/dom","8.20.1","MIT"
"frontend","@testing-library/react/node_modules/aria-query","5.1.3","Apache-2.0"
"frontend","@testing-library/user-event","13.5.0","MIT"
"frontend","@tootallnate/once","1.1.2","MIT"
"frontend","@trysound/sax","0.2.0","ISC"
"frontend","@types/aria-query","5.0.4","MIT"
"frontend","@types/babel__core","7.20.5","MIT"
"frontend","@types/babel__generator","7.27.0","MIT"
"frontend","@types/babel__template","7.4.4","MIT"
"frontend","@types/babel__traverse","7.20.7","MIT"
"frontend","@types/body-parser","1.19.6","MIT"
"frontend","@types/bonjour","3.5.13","MIT"
"frontend","@types/connect","3.4.38","MIT"
"frontend","@types/connect-history-api-fallback","1.5.4","MIT"
"frontend","@types/eslint","8.56.12","MIT"
"frontend","@types/eslint-scope","3.7.7","MIT"
"frontend","@types/estree","1.0.8","MIT"
"frontend","@types/express","4.17.23","MIT"
"frontend","@types/express-serve-static-core","5.0.7","MIT"
"frontend","@types/express/node_modules/@types/express-serve-static-core","4.19.6","MIT"
"frontend","@types/graceful-fs","4.1.9","MIT"
"frontend","@types/html-minifier-terser","6.1.0","MIT"
"frontend","@types/http-errors","2.0.5","MIT"
"frontend","@types/http-proxy","1.17.16","MIT"
"frontend","@types/istanbul-lib-coverage","2.0.6","MIT"
"frontend","@types/istanbul-lib-report","3.0.3","MIT"
"frontend","@types/istanbul-reports","3.0.4","MIT"
"frontend","@types/jest","30.0.0","MIT"
"frontend","@types/jest/node_modules/ansi-styles","5.2.0","MIT"
"frontend","@types/jest/node_modules/pretty-format","30.0.2","MIT"
"frontend","@types/jest/node_modules/react-is","18.3.1","MIT"
"frontend","@types/json-schema","7.0.15","MIT"
"frontend","@types/json5","0.0.29","MIT"
"frontend","@types/mime","1.3.5","MIT"
"frontend","@types/node","24.0.13","MIT"
"frontend","@types/node-forge","1.3.13","MIT"
"frontend","@types/parse-json","4.0.2","MIT"
"frontend","@types/prettier","2.7.3","MIT"
"frontend","@types/prop-types","15.7.15","MIT"
"frontend","@types/q","1.5.8","MIT"
"frontend","@types/qs","6.14.0","MIT"
"frontend","@types/raf","3.4.3","MIT"
"frontend","@types/range-parser","1.2.7","MIT"
"frontend","@types/react","18.3.23","MIT"
"frontend","@types/react-dom","18.3.7","MIT"
"frontend","@types/resolve","1.17.1","MIT"
"frontend","@types/retry","0.12.0","MIT"
"frontend","@types/semver","7.7.0","MIT"
"frontend","@types/send","0.17.5","MIT"
"frontend","@types/serve-index","1.9.4","MIT"
"frontend","@types/serve-static","1.15.8","MIT"
"frontend","@types/sockjs","0.3.36","MIT"
"frontend","@types/stack-utils","2.0.3","MIT"
"frontend","@types/testing-library__jest-dom","5.14.9","MIT"
"frontend","@types/trusted-types","2.0.7","MIT"
"frontend","@types/ws","8.18.1","MIT"
"frontend","@types/yargs","17.0.33","MIT"
"frontend","@types/yargs-parser","21.0.3","MIT"
"frontend","@typescript-eslint/eslint-plugin","5.62.0","MIT"
"frontend","@typescript-eslint/experimental-utils","5.62.0","MIT"
"frontend","@typescript-eslint/parser","5.62.0","BSD-2-Clause"
"frontend","@typescript-eslint/scope-manager","5.62.0","MIT"
"frontend","@typescript-eslint/type-utils","5.62.0","MIT"
"frontend","@typescript-eslint/types","5.62.0","MIT"
"frontend","@typescript-eslint/typescript-estree","5.62.0","BSD-2-Clause"
"frontend","@typescript-eslint/utils","5.62.0","MIT"
"frontend","@typescript-eslint/utils/node_modules/eslint-scope","5.1.1","BSD-2-Clause"
"frontend","@typescript-eslint/utils/node_modules/estraverse","4.3.0","BSD-2-Clause"
"frontend","@typescript-eslint/visitor-keys","5.62.0","MIT"
"frontend","@ungap/structured-clone","1.3.0","ISC"
"frontend","@webassemblyjs/ast","1.14.1","MIT"
"frontend","@webassemblyjs/floating-point-hex-parser","1.13.2","MIT"
"frontend","@webassemblyjs/helper-api-error","1.13.2","MIT"
"frontend","@webassemblyjs/helper-buffer","1.14.1","MIT"
"frontend","@webassemblyjs/helper-numbers","1.13.2","MIT"
"frontend","@webassemblyjs/helper-wasm-bytecode","1.13.2","MIT"
"frontend","@webassemblyjs/helper-wasm-section","1.14.1","MIT"
"frontend","@webassemblyjs/ieee754","1.13.2","MIT"
"frontend","@webassemblyjs/leb128","1.13.2","Apache-2.0"
"frontend","@webassemblyjs/utf8","1.13.2","MIT"
"frontend","@webassemblyjs/wasm-edit","1.14.1","MIT"
"frontend","@webassemblyjs/wasm-gen","1.14.1","MIT"
"frontend","@webassemblyjs/wasm-opt","1.14.1","MIT"
"frontend","@webassemblyjs/wasm-parser","1.14.1","MIT"
"frontend","@webassemblyjs/wast-printer","1.14.1","MIT"
"frontend","@xtuc/ieee754","1.2.0","BSD-3-Clause"
"frontend","@xtuc/long","4.2.2","Apache-2.0"
"frontend","abab","2.0.6","BSD-3-Clause"
"frontend","accepts","1.3.8","MIT"
"frontend","accepts/node_modules/negotiator","0.6.3","MIT"
"frontend","acorn","8.15.0","MIT"
"frontend","acorn-globals","6.0.0","MIT"
"frontend","acorn-globals/node_modules/acorn","7.4.1","MIT"
"frontend","acorn-import-phases","1.0.3","MIT"
"frontend","acorn-jsx","5.3.2","MIT"
"frontend","acorn-walk","7.2.0","MIT"
"frontend","address","1.2.2","MIT"
"frontend","adjust-sourcemap-loader","4.0.0","MIT"
"frontend","adler-32","1.3.1","Apache-2.0"
"frontend","agent-base","6.0.2","MIT"
"frontend","ajv","6.12.6","MIT"
"frontend","ajv-formats","2.1.1","MIT"
"frontend","ajv-formats/node_modules/ajv","8.17.1","MIT"
"frontend","ajv-formats/node_modules/json-schema-traverse","1.0.0","MIT"
"frontend","ajv-keywords","3.5.2","MIT"
"frontend","ansi-escapes","4.3.2","MIT"
"frontend","ansi-escapes/node_modules/type-fest","0.21.3","(MIT OR CC0-1.0)"
"frontend","ansi-html","0.0.9","Apache-2.0"
"frontend","ansi-html-community","0.0.8","Apache-2.0"
"frontend","ansi-regex","5.0.1","MIT"
"frontend","ansi-styles","4.3.0","MIT"
"frontend","any-promise","1.3.0","MIT"
"frontend","anymatch","3.1.3","ISC"
"frontend","anymatch/node_modules/picomatch","2.3.1","MIT"
"frontend","arg","5.0.2","MIT"
"frontend","argparse","1.0.10","MIT"
"frontend","aria-query","5.3.0","Apache-2.0"
"frontend","array-buffer-byte-length","1.0.2","MIT"
"frontend","array-flatten","1.1.1","MIT"
"frontend","array-includes","3.1.9","MIT"
"frontend","array-union","2.1.0","MIT"
"frontend","array.prototype.findlast","1.2.5","MIT"
"frontend","array.prototype.findlastindex","1.2.6","MIT"
"frontend","array.prototype.flat","1.3.3","MIT"
"frontend","array.prototype.flatmap","1.3.3","MIT"
"frontend","array.prototype.reduce","1.0.8","MIT"
"frontend","array.prototype.tosorted","1.1.4","MIT"
"frontend","arraybuffer.prototype.slice","1.0.4","MIT"
"frontend","asap","2.0.6","MIT"
"frontend","ast-types-flow","0.0.8","MIT"
"frontend","async","3.2.6","MIT"
"frontend","async-function","1.0.0","MIT"
"frontend","asynckit","0.4.0","MIT"
"frontend","at-least-node","1.0.0","ISC"
"frontend","atob","2.1.2","(MIT OR Apache-2.0)"
"frontend","autoprefixer","10.4.21","MIT"
"frontend","available-typed-arrays","1.0.7","MIT"
"frontend","axe-core","4.10.3","MPL-2.0"
"frontend","axios","1.10.0","MIT"
"frontend","axobject-query","4.1.0","Apache-2.0"
"frontend","babel-jest","27.5.1","MIT"
"frontend","babel-jest/node_modules/@jest/types","27.5.1","MIT"
"frontend","babel-jest/node_modules/@types/yargs","16.0.9","MIT"
"frontend","babel-loader","8.4.1","MIT"
"frontend","babel-loader/node_modules/schema-utils","2.7.1","MIT"
"frontend","babel-plugin-istanbul","6.1.1","BSD-3-Clause"
"frontend","babel-plugin-jest-hoist","27.5.1","MIT"
"frontend","babel-plugin-macros","3.1.0","MIT"
"frontend","babel-plugin-named-asset-import","0.3.8","MIT"
"frontend","babel-plugin-polyfill-corejs2","0.4.14","MIT"
"frontend","babel-plugin-polyfill-corejs2/node_modules/semver","6.3.1","ISC"
"frontend","babel-plugin-polyfill-corejs3","0.13.0","MIT"
"frontend","babel-plugin-polyfill-regenerator","0.6.5","MIT"
"frontend","babel-plugin-transform-react-remove-prop-types","0.4.24","MIT"
"frontend","babel-preset-current-node-syntax","1.1.0","MIT"
"frontend","babel-preset-jest","27.5.1","MIT"
"frontend","babel-preset-react-app","10.1.0","MIT"
"frontend","babel-preset-react-app/node_modules/@babel/plugin-proposal-private-property-in-object","7.21.11","MIT"
"frontend","balanced-match","1.0.2","MIT"
"frontend","base64-arraybuffer","1.0.2","MIT"
"frontend","batch","0.6.1","MIT"
"frontend","bfj","7.1.0","MIT"
"frontend","big.js","5.2.2","MIT"
"frontend","binary-extensions","2.3.0","MIT"
"frontend","bluebird","3.7.2","MIT"
"frontend","body-parser","1.20.3","MIT"
"frontend","body-parser/node_modules/debug","2.6.9","MIT"
"frontend","body-parser/node_modules/iconv-lite","0.4.24","MIT"
"frontend","body-parser/node_modules/ms","2.0.0","MIT"
"frontend","bonjour-service","1.3.0","MIT"
"frontend","boolbase","1.0.0","ISC"
"frontend","brace-expansion","1.1.12","MIT"
"frontend","braces","3.0.3","MIT"
"frontend","browser-process-hrtime","1.0.0","BSD-2-Clause"
"frontend","browserslist","4.25.1","MIT"
"frontend","bser","2.1.1","Apache-2.0"
"frontend","btoa","1.2.1","(MIT OR Apache-2.0)"
"frontend","buffer-from","1.1.2","MIT"
"frontend","builtin-modules","3.3.0","MIT"
"frontend","bytes","3.1.2","MIT"
"frontend","call-bind","1.0.8","MIT"
"frontend","call-bind-apply-helpers","1.0.2","MIT"
"frontend","call-bound","1.0.4","MIT"
"frontend","callsites","3.1.0","MIT"
"frontend","camel-case","4.1.2","MIT"
"frontend","camelcase","6.3.0","MIT"
"frontend","camelcase-css","2.0.1","MIT"
"frontend","caniuse-api","3.0.0","MIT"
"frontend","caniuse-lite","1.0.30001727","CC-BY-4.0"
"frontend","canvg","3.0.11","MIT"
"frontend","case-sensitive-paths-webpack-plugin","2.4.0","MIT"
"frontend","cfb","1.2.2","Apache-2.0"
"frontend","chalk","4.1.2","MIT"
"frontend","char-regex","1.0.2","MIT"
"frontend","check-types","11.2.3","MIT"
"frontend","chokidar","3.6.0","MIT"
"frontend","chokidar/node_modules/glob-parent","5.1.2","ISC"
"frontend","chrome-trace-event","1.0.4","MIT"
"frontend","ci-info","4.3.0","MIT"
"frontend","cjs-module-lexer","1.4.3","MIT"
"frontend","clean-css","5.3.3","MIT"
"frontend","clean-css/node_modules/source-map","0.6.1","BSD-3-Clause"
"frontend","cliui","7.0.4","ISC"
"frontend","co","4.6.0","MIT"
"frontend","coa","2.0.2","MIT"
"frontend","coa/node_modules/ansi-styles","3.2.1","MIT"
"frontend","coa/node_modules/chalk","2.4.2","MIT"
"frontend","coa/node_modules/color-convert","1.9.3","MIT"
"frontend","coa/node_modules/color-name","1.1.3","MIT"
"frontend","coa/node_modules/escape-string-regexp","1.0.5","MIT"
"frontend","coa/node_modules/has-flag","3.0.0","MIT"
"frontend","coa/node_modules/supports-color","5.5.0","MIT"
"frontend","codepage","1.15.0","Apache-2.0"
"frontend","collect-v8-coverage","1.0.2","MIT"
"frontend","color-convert","2.0.1","MIT"
"frontend","color-name","1.1.4","MIT"
"frontend","colord","2.9.3","MIT"
"frontend","colorette","2.0.20","MIT"
"frontend","combined-stream","1.0.8","MIT"
"frontend","commander","8.3.0","MIT"
"frontend","common-tags","1.8.2","MIT"
"frontend","commondir","1.0.1","MIT"
"frontend","compressible","2.0.18","MIT"
"frontend","compression","1.8.0","MIT"
"frontend","compression/node_modules/debug","2.6.9","MIT"
"frontend","compression/node_modules/ms","2.0.0","MIT"
"frontend","concat-map","0.0.1","MIT"
"frontend","confusing-browser-globals","1.0.11","MIT"
"frontend","connect-history-api-fallback","2.0.0","MIT"
"frontend","content-disposition","0.5.4","MIT"
"frontend","content-type","1.0.5","MIT"
"frontend","convert-source-map","2.0.0","MIT"
"frontend","cookie","0.7.1","MIT"
"frontend","cookie-signature","1.0.6","MIT"
"frontend","core-js","3.44.0","MIT"
"frontend","core-js-compat","3.44.0","MIT"
"frontend","core-js-pure","3.44.0","MIT"
"frontend","core-util-is","1.0.3","MIT"
"frontend","cosmiconfig","7.1.0","MIT"
"frontend","crc-32","1.2.2","Apache-2.0"
"frontend","cross-spawn","7.0.6","MIT"
"frontend","crypto-random-string","2.0.0","MIT"
"frontend","css-blank-pseudo","3.0.3","CC0-1.0"
"frontend","css-declaration-sorter","6.4.1","ISC"
"frontend","css-has-pseudo","3.0.4","CC0-1.0"
"frontend","css-line-break","2.1.0","MIT"
"frontend","css-loader","6.11.0","MIT"
"frontend","css-minimizer-webpack-plugin","3.4.1","MIT"
"frontend","css-minimizer-webpack-plugin/node_modules/source-map","0.6.1","BSD-3-Clause"
"frontend","css-prefers-color-scheme","6.0.3","CC0-1.0"
"frontend","css-select","4.3.0","BSD-2-Clause"
"frontend","css-select-base-adapter","0.1.1","MIT"
"frontend","css-tree","1.0.0-alpha.37","MIT"
"frontend","css-tree/node_modules/source-map","0.6.1","BSD-3-Clause"
"frontend","css-what","6.2.2","BSD-2-Clause"
"frontend","css.escape","1.5.1","MIT"
"frontend","cssdb","7.11.2","CC0-1.0"
"frontend","cssesc","3.0.0","MIT"
"frontend","cssnano","5.1.15","MIT"
"frontend","cssnano-preset-default","5.2.14","MIT"
"frontend","cssnano-utils","3.1.0","MIT"
"frontend","csso","4.2.0","MIT"
"frontend","csso/node_modules/css-tree","1.1.3","MIT"
"frontend","csso/node_modules/mdn-data","2.0.14","CC0-1.0"
"frontend","csso/node_modules/source-map","0.6.1","BSD-3-Clause"
"frontend","cssom","0.4.4","MIT"
"frontend","cssstyle","2.3.0","MIT"
"frontend","cssstyle/node_modules/cssom","0.3.8","MIT"
"frontend","csstype","3.1.3","MIT"
"frontend","damerau-levenshtein","1.0.8","BSD-2-Clause"
"frontend","data-urls","2.0.0","MIT"
"frontend","data-view-buffer","1.0.2","MIT"
"frontend","data-view-byte-length","1.0.2","MIT"
"frontend","data-view-byte-offset","1.0.1","MIT"
"frontend","debug","4.4.1","MIT"
"frontend","decimal.js","10.6.0","MIT"
"frontend","dedent","0.7.0","MIT"
"frontend","deep-equal","2.2.3","MIT"
"frontend","deep-is","0.1.4","MIT"
"frontend","deepmerge","4.3.1","MIT"
"frontend","default-gateway","6.0.3","BSD-2-Clause"
"frontend","define-data-property","1.1.4","MIT"
"frontend","define-lazy-prop","2.0.0","MIT"
"frontend","define-properties","1.2.1","MIT"
"frontend","delayed-stream","1.0.0","MIT"
"frontend","depd","2.0.0","MIT"
"frontend","dequal","2.0.3","MIT"
"frontend","destroy","1.2.0","MIT"
"frontend","detect-newline","3.1.0","MIT"
"frontend","detect-node","2.1.0","MIT"
"frontend","detect-port-alt","1.1.6","MIT"
"frontend","detect-port-alt/node_modules/debug","2.6.9","MIT"
"frontend","detect-port-alt/node_modules/ms","2.0.0","MIT"
"frontend","didyoumean","1.2.2","Apache-2.0"
"frontend","diff-sequences","27.5.1","MIT"
"frontend","dir-glob","3.0.1","MIT"
"frontend","dlv","1.1.3","MIT"
"frontend","dns-packet","5.6.1","MIT"
"frontend","doctrine","3.0.0","Apache-2.0"
"frontend","dom-accessibility-api","0.5.16","MIT"
"frontend","dom-converter","0.2.0","MIT"
"frontend","dom-serializer","1.4.1","MIT"
"frontend","domelementtype","2.3.0","BSD-2-Clause"
"frontend","domexception","2.0.1","MIT"
"frontend","domexception/node_modules/webidl-conversions","5.0.0","BSD-2-Clause"
"frontend","domhandler","4.3.1","BSD-2-Clause"
"frontend","dompurify","2.5.9","(MPL-2.0 OR Apache-2.0)"
"frontend","domutils","2.8.0","BSD-2-Clause"
"frontend","dot-case","3.0.4","MIT"
"frontend","dotenv","10.0.0","BSD-2-Clause"
"frontend","dotenv-expand","5.1.0","BSD-2-Clause"
"frontend","dunder-proto","1.0.1","MIT"
"frontend","duplexer","0.1.2","MIT"
"frontend","eastasianwidth","0.2.0","MIT"
"frontend","ee-first","1.1.1","MIT"
"frontend","ejs","3.1.10","Apache-2.0"
"frontend","electron-to-chromium","1.5.182","ISC"
"frontend","emittery","0.8.1","MIT"
"frontend","emoji-regex","9.2.2","MIT"
"frontend","emojis-list","3.0.0","MIT"
"frontend","encodeurl","2.0.0","MIT"
"frontend","enhanced-resolve","5.18.2","MIT"
"frontend","entities","2.2.0","BSD-2-Clause"
"frontend","error-ex","1.3.2","MIT"
"frontend","error-stack-parser","2.1.4","MIT"
"frontend","es-abstract","1.24.0","MIT"
"frontend","es-array-method-boxes-properly","1.0.0","MIT"
"frontend","es-define-property","1.0.1","MIT"
"frontend","es-errors","1.3.0","MIT"
"frontend","es-get-iterator","1.1.3","MIT"
"frontend","es-iterator-helpers","1.2.1","MIT"
"frontend","es-module-lexer","1.7.0","MIT"
"frontend","es-object-atoms","1.1.1","MIT"
"frontend","es-set-tostringtag","2.1.0","MIT"
"frontend","es-shim-unscopables","1.1.0","MIT"
"frontend","es-to-primitive","1.3.0","MIT"
"frontend","escalade","3.2.0","MIT"
"frontend","escape-html","1.0.3","MIT"
"frontend","escape-string-regexp","4.0.0","MIT"
"frontend","escodegen","2.1.0","BSD-2-Clause"
"frontend","escodegen/node_modules/source-map","0.6.1","BSD-3-Clause"
"frontend","eslint","8.57.1","MIT"
"frontend","eslint-config-react-app","7.0.1","MIT"
"frontend","eslint-import-resolver-node","0.3.9","MIT"
"frontend","eslint-import-resolver-node/node_modules/debug","3.2.7","MIT"
"frontend","eslint-module-utils","2.12.1","MIT"
"frontend","eslint-module-utils/node_modules/debug","3.2.7","MIT"
"frontend","eslint-plugin-flowtype","8.0.3","BSD-3-Clause"
"frontend","eslint-plugin-import","2.32.0","MIT"
"frontend","eslint-plugin-import/node_modules/debug","3.2.7","MIT"
"frontend","eslint-plugin-import/node_modules/doctrine","2.1.0","Apache-2.0"
"frontend","eslint-plugin-import/node_modules/semver","6.3.1","ISC"
"frontend","eslint-plugin-jest","25.7.0","MIT"
"frontend","eslint-plugin-jsx-a11y","6.10.2","MIT"
"frontend","eslint-plugin-jsx-a11y/node_modules/aria-query","5.3.2","Apache-2.0"
"frontend","eslint-plugin-react","7.37.5","MIT"
"frontend","eslint-plugin-react-hooks","4.6.2","MIT"
"frontend","eslint-plugin-react/node_modules/doctrine","2.1.0","Apache-2.0"
"frontend","eslint-plugin-react/node_modules/resolve","2.0.0-next.5","MIT"
"frontend","eslint-plugin-react/node_modules/semver","6.3.1","ISC"
"frontend","eslint-plugin-testing-library","5.11.1","MIT"
"frontend","eslint-scope","7.2.2","BSD-2-Clause"
"frontend","eslint-visitor-keys","3.4.3","Apache-2.0"
"frontend","eslint-webpack-plugin","3.2.0","MIT"
"frontend","eslint-webpack-plugin/node_modules/jest-worker","28.1.3","MIT"
"frontend","eslint-webpack-plugin/node_modules/supports-color","8.1.1","MIT"
"frontend","eslint/node_modules/argparse","2.0.1","Python-2.0"
"frontend","eslint/node_modules/find-up","5.0.0","MIT"
"frontend","eslint/node_modules/js-yaml","4.1.0","MIT"
"frontend","eslint/node_modules/locate-path","6.0.0","MIT"
"frontend","eslint/node_modules/p-limit","3.1.0","MIT"
"frontend","eslint/node_modules/p-locate","5.0.0","MIT"
"frontend","espree","9.6.1","BSD-2-Clause"
"frontend","esprima","4.0.1","BSD-2-Clause"
"frontend","esquery","1.6.0","BSD-3-Clause"
"frontend","esrecurse","4.3.0","BSD-2-Clause"
"frontend","estraverse","5.3.0","BSD-2-Clause"
"frontend","estree-walker","1.0.1","MIT"
"frontend","esutils","2.0.3","BSD-2-Clause"
"frontend","etag","1.8.1","MIT"
"frontend","eventemitter3","4.0.7","MIT"
"frontend","events","3.3.0","MIT"
"frontend","execa","5.1.1","MIT"
"frontend","exit","0.1.2","UNKNOWN"
"frontend","expect","30.0.4","MIT"
"frontend","express","4.21.2","MIT"
"frontend","express/node_modules/debug","2.6.9","MIT"
"frontend","express/node_modules/ms","2.0.0","MIT"
"frontend","fast-deep-equal","3.1.3","MIT"
"frontend","fast-glob","3.3.3","MIT"
"frontend","fast-glob/node_modules/glob-parent","5.1.2","ISC"
"frontend","fast-json-stable-stringify","2.1.0","MIT"
"frontend","fast-levenshtein","2.0.6","MIT"
"frontend","fast-uri","3.0.6","BSD-3-Clause"
"frontend","fastq","1.19.1","ISC"
"frontend","faye-websocket","0.11.4","Apache-2.0"
"frontend","fb-watchman","2.0.2","Apache-2.0"
"frontend","fflate","0.8.2","MIT"
"frontend","file-entry-cache","6.0.1","MIT"
"frontend","file-loader","6.2.0","MIT"
"frontend","file-loader/node_modules/schema-utils","3.3.0","MIT"
"frontend","filelist","1.0.4","Apache-2.0"
"frontend","filelist/node_modules/brace-expansion","2.0.2","MIT"
"frontend","filelist/node_modules/minimatch","5.1.6","ISC"
"frontend","filesize","8.0.7","BSD-3-Clause"
"frontend","fill-range","7.1.1","MIT"
"frontend","finalhandler","1.3.1","MIT"
"frontend","finalhandler/node_modules/debug","2.6.9","MIT"
"frontend","finalhandler/node_modules/ms","2.0.0","MIT"
"frontend","find-cache-dir","3.3.2","MIT"
"frontend","find-up","4.1.0","MIT"
"frontend","flat-cache","3.2.0","MIT"
"frontend","flatted","3.3.3","ISC"
"frontend","follow-redirects","1.15.9","MIT"
"frontend","for-each","0.3.5","MIT"
"frontend","foreground-child","3.3.1","ISC"
"frontend","foreground-child/node_modules/signal-exit","4.1.0","ISC"
"frontend","fork-ts-checker-webpack-plugin","6.5.3","MIT"
"frontend","fork-ts-checker-webpack-plugin/node_modules/cosmiconfig","6.0.0","MIT"
"frontend","fork-ts-checker-webpack-plugin/node_modules/fs-extra","9.1.0","MIT"
"frontend","fork-ts-checker-webpack-plugin/node_modules/schema-utils","2.7.0","MIT"
"frontend","fork-ts-checker-webpack-plugin/node_modules/tapable","1.1.3","MIT"
"frontend","form-data","4.0.3","MIT"
"frontend","forwarded","0.2.0","MIT"
"frontend","frac","1.1.2","Apache-2.0"
"frontend","fraction.js","4.3.7","MIT"
"frontend","fresh","0.5.2","MIT"
"frontend","fs-extra","10.1.0","MIT"
"frontend","fs-monkey","1.0.6","Unlicense"
"frontend","fs.realpath","1.0.0","ISC"
"frontend","fsevents","2.3.3","MIT"
"frontend","function-bind","1.1.2","MIT"
"frontend","function.prototype.name","1.1.8","MIT"
"frontend","functions-have-names","1.2.3","MIT"
"frontend","gensync","1.0.0-beta.2","MIT"
"frontend","get-caller-file","2.0.5","ISC"
"frontend","get-intrinsic","1.3.0","MIT"
"frontend","get-own-enumerable-property-symbols","3.0.2","ISC"
"frontend","get-package-type","0.1.0","MIT"
"frontend","get-proto","1.0.1","MIT"
"frontend","get-stream","6.0.1","MIT"
"frontend","get-symbol-description","1.1.0","MIT"
"frontend","glob","7.2.3","ISC"
"frontend","glob-parent","6.0.2","ISC"
"frontend","glob-to-regexp","0.4.1","BSD-2-Clause"
"frontend","global-modules","2.0.0","MIT"
"frontend","global-prefix","3.0.0","MIT"
"frontend","global-prefix/node_modules/which","1.3.1","ISC"
"frontend","globals","13.24.0","MIT"
"frontend","globalthis","1.0.4","MIT"
"frontend","globby","11.1.0","MIT"
"frontend","gopd","1.2.0","MIT"
"frontend","graceful-fs","4.2.11","ISC"
"frontend","graphemer","1.4.0","MIT"
"frontend","gzip-size","6.0.0","MIT"
"frontend","handle-thing","2.0.1","MIT"
"frontend","harmony-reflect","1.6.2","(Apache-2.0 OR MPL-1.1)"
"frontend","has-bigints","1.1.0","MIT"
"frontend","has-flag","4.0.0","MIT"
"frontend","has-property-descriptors","1.0.2","MIT"
"frontend","has-proto","1.2.0","MIT"
"frontend","has-symbols","1.1.0","MIT"
"frontend","has-tostringtag","1.0.2","MIT"
"frontend","hasown","2.0.2","MIT"
"frontend","he","1.2.0","MIT"
"frontend","hoopy","0.1.4","MIT"
"frontend","hpack.js","2.1.6","MIT"
"frontend","hpack.js/node_modules/isarray","1.0.0","MIT"
"frontend","hpack.js/node_modules/readable-stream","2.3.8","MIT"
"frontend","hpack.js/node_modules/safe-buffer","5.1.2","MIT"
"frontend","hpack.js/node_modules/string_decoder","1.1.1","MIT"
"frontend","html-encoding-sniffer","2.0.1","MIT"
"frontend","html-entities","2.6.0","MIT"
"frontend","html-escaper","2.0.2","MIT"
"frontend","html-minifier-terser","6.1.0","MIT"
"frontend","html-webpack-plugin","5.6.3","MIT"
"frontend","html2canvas","1.4.1","MIT"
"frontend","html5-qrcode","2.3.8","Apache-2.0"
"frontend","htmlparser2","6.1.0","MIT"
"frontend","http-deceiver","1.2.7","MIT"
"frontend","http-errors","2.0.0","MIT"
"frontend","http-parser-js","0.5.10","MIT"
"frontend","http-proxy","1.18.1","MIT"
"frontend","http-proxy-agent","4.0.1","MIT"
"frontend","http-proxy-middleware","2.0.9","MIT"
"frontend","https-proxy-agent","5.0.1","MIT"
"frontend","human-signals","2.1.0","Apache-2.0"
"frontend","iconv-lite","0.6.3","MIT"
"frontend","icss-utils","5.1.0","ISC"
"frontend","idb","7.1.1","ISC"
"frontend","identity-obj-proxy","3.0.0","MIT"
"frontend","ignore","5.3.2","MIT"
"frontend","immer","9.0.21","MIT"
"frontend","import-fresh","3.3.1","MIT"
"frontend","import-fresh/node_modules/resolve-from","4.0.0","MIT"
"frontend","import-local","3.2.0","MIT"
"frontend","imurmurhash","0.1.4","MIT"
"frontend","indent-string","4.0.0","MIT"
"frontend","inflight","1.0.6","ISC"
"frontend","inherits","2.0.4","ISC"
"frontend","ini","1.3.8","ISC"
"frontend","internal-slot","1.1.0","MIT"
"frontend","ipaddr.js","2.2.0","MIT"
"frontend","is-arguments","1.2.0","MIT"
"frontend","is-array-buffer","3.0.5","MIT"
"frontend","is-arrayish","0.2.1","MIT"
"frontend","is-async-function","2.1.1","MIT"
"frontend","is-bigint","1.1.0","MIT"
"frontend","is-binary-path","2.1.0","MIT"
"frontend","is-boolean-object","1.2.2","MIT"
"frontend","is-callable","1.2.7","MIT"
"frontend","is-core-module","2.16.1","MIT"
"frontend","is-data-view","1.0.2","MIT"
"frontend","is-date-object","1.1.0","MIT"
"frontend","is-docker","2.2.1","MIT"
"frontend","is-extglob","2.1.1","MIT"
"frontend","is-finalizationregistry","1.1.1","MIT"
"frontend","is-fullwidth-code-point","3.0.0","MIT"
"frontend","is-generator-fn","2.1.0","MIT"
"frontend","is-generator-function","1.1.0","MIT"
"frontend","is-glob","4.0.3","MIT"
"frontend","is-map","2.0.3","MIT"
"frontend","is-module","1.0.0","MIT"
"frontend","is-negative-zero","2.0.3","MIT"
"frontend","is-number","7.0.0","MIT"
"frontend","is-number-object","1.1.1","MIT"
"frontend","is-obj","1.0.1","MIT"
"frontend","is-path-inside","3.0.3","MIT"
"frontend","is-plain-obj","3.0.0","MIT"
"frontend","is-potential-custom-element-name","1.0.1","MIT"
"frontend","is-regex","1.2.1","MIT"
"frontend","is-regexp","1.0.0","MIT"
"frontend","is-root","2.1.0","MIT"
"frontend","is-set","2.0.3","MIT"
"frontend","is-shared-array-buffer","1.0.4","MIT"
"frontend","is-stream","2.0.1","MIT"
"frontend","is-string","1.1.1","MIT"
"frontend","is-symbol","1.1.1","MIT"
"frontend","is-typed-array","1.1.15","MIT"
"frontend","is-typedarray","1.0.0","MIT"
"frontend","is-weakmap","2.0.2","MIT"
"frontend","is-weakref","1.1.1","MIT"
"frontend","is-weakset","2.0.4","MIT"
"frontend","is-wsl","2.2.0","MIT"
"frontend","isarray","2.0.5","MIT"
"frontend","isexe","2.0.0","ISC"
"frontend","istanbul-lib-coverage","3.2.2","BSD-3-Clause"
"frontend","istanbul-lib-instrument","5.2.1","BSD-3-Clause"
"frontend","istanbul-lib-instrument/node_modules/semver","6.3.1","ISC"
"frontend","istanbul-lib-report","3.0.1","BSD-3-Clause"
"frontend","istanbul-lib-report/node_modules/make-dir","4.0.0","MIT"
"frontend","istanbul-lib-source-maps","4.0.1","BSD-3-Clause"
"frontend","istanbul-lib-source-maps/node_modules/source-map","0.6.1","BSD-3-Clause"
"frontend","istanbul-reports","3.1.7","BSD-3-Clause"
"frontend","iterator.prototype","1.1.5","MIT"
"frontend","jackspeak","3.4.3","BlueOak-1.0.0"
"frontend","jake","10.9.2","Apache-2.0"
"frontend","jest","27.5.1","MIT"
"frontend","jest-changed-files","27.5.1","MIT"
"frontend","jest-changed-files/node_modules/@jest/types","27.5.1","MIT"
"frontend","jest-changed-files/node_modules/@types/yargs","16.0.9","MIT"
"frontend","jest-circus","27.5.1","MIT"
"frontend","jest-circus/node_modules/@jest/types","27.5.1","MIT"
"frontend","jest-circus/node_modules/@types/yargs","16.0.9","MIT"
"frontend","jest-circus/node_modules/ci-info","3.9.0","MIT"
"frontend","jest-circus/node_modules/expect","27.5.1","MIT"
"frontend","jest-circus/node_modules/jest-diff","27.5.1","MIT"
"frontend","jest-circus/node_modules/jest-matcher-utils","27.5.1","MIT"
"frontend","jest-circus/node_modules/jest-message-util","27.5.1","MIT"
"frontend","jest-circus/node_modules/jest-util","27.5.1","MIT"
"frontend","jest-circus/node_modules/picomatch","2.3.1","MIT"
"frontend","jest-cli","27.5.1","MIT"
"frontend","jest-cli/node_modules/@jest/types","27.5.1","MIT"
"frontend","jest-cli/node_modules/@types/yargs","16.0.9","MIT"
"frontend","jest-cli/node_modules/ci-info","3.9.0","MIT"
"frontend","jest-cli/node_modules/jest-util","27.5.1","MIT"
"frontend","jest-cli/node_modules/picomatch","2.3.1","MIT"
"frontend","jest-config","27.5.1","MIT"
"frontend","jest-config/node_modules/@jest/types","27.5.1","MIT"
"frontend","jest-config/node_modules/@types/yargs","16.0.9","MIT"
"frontend","jest-config/node_modules/ci-info","3.9.0","MIT"
"frontend","jest-config/node_modules/jest-regex-util","27.5.1","MIT"
"frontend","jest-config/node_modules/jest-util","27.5.1","MIT"
"frontend","jest-config/node_modules/picomatch","2.3.1","MIT"
"frontend","jest-diff","30.0.4","MIT"
"frontend","jest-diff/node_modules/ansi-styles","5.2.0","MIT"
"frontend","jest-diff/node_modules/pretty-format","30.0.2","MIT"
"frontend","jest-diff/node_modules/react-is","18.3.1","MIT"
"frontend","jest-docblock","27.5.1","MIT"
"frontend","jest-each","27.5.1","MIT"
"frontend","jest-each/node_modules/@jest/types","27.5.1","MIT"
"frontend","jest-each/node_modules/@types/yargs","16.0.9","MIT"
"frontend","jest-each/node_modules/ci-info","3.9.0","MIT"
"frontend","jest-each/node_modules/jest-util","27.5.1","MIT"
"frontend","jest-each/node_modules/picomatch","2.3.1","MIT"
"frontend","jest-environment-jsdom","27.5.1","MIT"
"frontend","jest-environment-jsdom/node_modules/@jest/types","27.5.1","MIT"
"frontend","jest-environment-jsdom/node_modules/@types/yargs","16.0.9","MIT"
"frontend","jest-environment-jsdom/node_modules/ci-info","3.9.0","MIT"
"frontend","jest-environment-jsdom/node_modules/jest-mock","27.5.1","MIT"
"frontend","jest-environment-jsdom/node_modules/jest-util","27.5.1","MIT"
"frontend","jest-environment-jsdom/node_modules/picomatch","2.3.1","MIT"
"frontend","jest-environment-node","27.5.1","MIT"
"frontend","jest-environment-node/node_modules/@jest/types","27.5.1","MIT"
"frontend","jest-environment-node/node_modules/@types/yargs","16.0.9","MIT"
"frontend","jest-environment-node/node_modules/ci-info","3.9.0","MIT"
"frontend","jest-environment-node/node_modules/jest-mock","27.5.1","MIT"
"frontend","jest-environment-node/node_modules/jest-util","27.5.1","MIT"
"frontend","jest-environment-node/node_modules/picomatch","2.3.1","MIT"
"frontend","jest-get-type","27.5.1","MIT"
"frontend","jest-haste-map","27.5.1","MIT"
"frontend","jest-haste-map/node_modules/@jest/types","27.5.1","MIT"
"frontend","jest-haste-map/node_modules/@types/yargs","16.0.9","MIT"
"frontend","jest-haste-map/node_modules/ci-info","3.9.0","MIT"
"frontend","jest-haste-map/node_modules/jest-regex-util","27.5.1","MIT"
"frontend","jest-haste-map/node_modules/jest-util","27.5.1","MIT"
"frontend","jest-haste-map/node_modules/picomatch","2.3.1","MIT"
"frontend","jest-jasmine2","27.5.1","MIT"
"frontend","jest-jasmine2/node_modules/@jest/types","27.5.1","MIT"
"frontend","jest-jasmine2/node_modules/@types/yargs","16.0.9","MIT"
"frontend","jest-jasmine2/node_modules/ci-info","3.9.0","MIT"
"frontend","jest-jasmine2/node_modules/expect","27.5.1","MIT"
"frontend","jest-jasmine2/node_modules/jest-diff","27.5.1","MIT"
"frontend","jest-jasmine2/node_modules/jest-matcher-utils","27.5.1","MIT"
"frontend","jest-jasmine2/node_modules/jest-message-util","27.5.1","MIT"
"frontend","jest-jasmine2/node_modules/jest-util","27.5.1","MIT"
"frontend","jest-jasmine2/node_modules/picomatch","2.3.1","MIT"
"frontend","jest-leak-detector","27.5.1","MIT"
"frontend","jest-matcher-utils","30.0.4","MIT"
"frontend","jest-matcher-utils/node_modules/ansi-styles","5.2.0","MIT"
"frontend","jest-matcher-utils/node_modules/pretty-format","30.0.2","MIT"
"frontend","jest-matcher-utils/node_modules/react-is","18.3.1","MIT"
"frontend","jest-message-util","30.0.2","MIT"
"frontend","jest-message-util/node_modules/ansi-styles","5.2.0","MIT"
"frontend","jest-message-util/node_modules/pretty-format","30.0.2","MIT"
"frontend","jest-message-util/node_modules/react-is","18.3.1","MIT"
"frontend","jest-mock","30.0.2","MIT"
"frontend","jest-pnp-resolver","1.2.3","MIT"
"frontend","jest-regex-util","30.0.1","MIT"
"frontend","jest-resolve","27.5.1","MIT"
"frontend","jest-resolve-dependencies","27.5.1","MIT"
"frontend","jest-resolve-dependencies/node_modules/@jest/types","27.5.1","MIT"
"frontend","jest-resolve-dependencies/node_modules/@types/yargs","16.0.9","MIT"
"frontend","jest-resolve-dependencies/node_modules/jest-regex-util","27.5.1","MIT"
"frontend","jest-resolve/node_modules/@jest/types","27.5.1","MIT"
"frontend","jest-resolve/node_modules/@types/yargs","16.0.9","MIT"
"frontend","jest-resolve/node_modules/ci-info","3.9.0","MIT"
"frontend","jest-resolve/node_modules/jest-util","27.5.1","MIT"
"frontend","jest-resolve/node_modules/picomatch","2.3.1","MIT"
"frontend","jest-runner","27.5.1","MIT"
"frontend","jest-runner/node_modules/@jest/types","27.5.1","MIT"
"frontend","jest-runner/node_modules/@types/yargs","16.0.9","MIT"
"frontend","jest-runner/node_modules/ci-info","3.9.0","MIT"
"frontend","jest-runner/node_modules/jest-message-util","27.5.1","MIT"
"frontend","jest-runner/node_modules/jest-util","27.5.1","MIT"
"frontend","jest-runner/node_modules/picomatch","2.3.1","MIT"
"frontend","jest-runtime","27.5.1","MIT"
"frontend","jest-runtime/node_modules/@jest/types","27.5.1","MIT"
"frontend","jest-runtime/node_modules/@types/yargs","16.0.9","MIT"
"frontend","jest-runtime/node_modules/ci-info","3.9.0","MIT"
"frontend","jest-runtime/node_modules/jest-message-util","27.5.1","MIT"
"frontend","jest-runtime/node_modules/jest-mock","27.5.1","MIT"
"frontend","jest-runtime/node_modules/jest-regex-util","27.5.1","MIT"
"frontend","jest-runtime/node_modules/jest-util","27.5.1","MIT"
"frontend","jest-runtime/node_modules/picomatch","2.3.1","MIT"
"frontend","jest-serializer","27.5.1","MIT"
"frontend","jest-snapshot","27.5.1","MIT"
"frontend","jest-snapshot/node_modules/@jest/types","27.5.1","MIT"
"frontend","jest-snapshot/node_modules/@types/yargs","16.0.9","MIT"
"frontend","jest-snapshot/node_modules/ci-info","3.9.0","MIT"
"frontend","jest-snapshot/node_modules/expect","27.5.1","MIT"
"frontend","jest-snapshot/node_modules/jest-diff","27.5.1","MIT"
"frontend","jest-snapshot/node_modules/jest-matcher-utils","27.5.1","MIT"
"frontend","jest-snapshot/node_modules/jest-message-util","27.5.1","MIT"
"frontend","jest-snapshot/node_modules/jest-util","27.5.1","MIT"
"frontend","jest-snapshot/node_modules/picomatch","2.3.1","MIT"
"frontend","jest-util","30.0.2","MIT"
"frontend","jest-validate","27.5.1","MIT"
"frontend","jest-validate/node_modules/@jest/types","27.5.1","MIT"
"frontend","jest-validate/node_modules/@types/yargs","16.0.9","MIT"
"frontend","jest-watch-typeahead","1.1.0","MIT"
"frontend","jest-watch-typeahead/node_modules/@jest/console","28.1.3","MIT"
"frontend","jest-watch-typeahead/node_modules/@jest/console/node_modules/slash","3.0.0","MIT"
"frontend","jest-watch-typeahead/node_modules/@jest/schemas","28.1.3","MIT"
"frontend","jest-watch-typeahead/node_modules/@jest/test-result","28.1.3","MIT"
"frontend","jest-watch-typeahead/node_modules/@jest/types","28.1.3","MIT"
"frontend","jest-watch-typeahead/node_modules/@sinclair/typebox","0.24.51","MIT"
"frontend","jest-watch-typeahead/node_modules/ansi-styles","5.2.0","MIT"
"frontend","jest-watch-typeahead/node_modules/ci-info","3.9.0","MIT"
"frontend","jest-watch-typeahead/node_modules/emittery","0.10.2","MIT"
"frontend","jest-watch-typeahead/node_modules/jest-message-util","28.1.3","MIT"
"frontend","jest-watch-typeahead/node_modules/jest-message-util/node_modules/slash","3.0.0","MIT"
"frontend","jest-watch-typeahead/node_modules/jest-regex-util","28.0.2","MIT"
"frontend","jest-watch-typeahead/node_modules/jest-util","28.1.3","MIT"
"frontend","jest-watch-typeahead/node_modules/jest-watcher","28.1.3","MIT"
"frontend","jest-watch-typeahead/node_modules/jest-watcher/node_modules/string-length","4.0.2","MIT"
"frontend","jest-watch-typeahead/node_modules/jest-watcher/node_modules/strip-ansi","6.0.1","MIT"
"frontend","jest-watch-typeahead/node_modules/picomatch","2.3.1","MIT"
"frontend","jest-watch-typeahead/node_modules/pretty-format","28.1.3","MIT"
"frontend","jest-watch-typeahead/node_modules/react-is","18.3.1","MIT"
"frontend","jest-watch-typeahead/node_modules/slash","4.0.0","MIT"
"frontend","jest-watch-typeahead/node_modules/string-length","5.0.1","MIT"
"frontend","jest-watch-typeahead/node_modules/string-length/node_modules/char-regex","2.0.2","MIT"
"frontend","jest-watch-typeahead/node_modules/strip-ansi","7.1.0","MIT"
"frontend","jest-watch-typeahead/node_modules/strip-ansi/node_modules/ansi-regex","6.1.0","MIT"
"frontend","jest-watcher","27.5.1","MIT"
"frontend","jest-watcher/node_modules/@jest/types","27.5.1","MIT"
"frontend","jest-watcher/node_modules/@types/yargs","16.0.9","MIT"
"frontend","jest-watcher/node_modules/ci-info","3.9.0","MIT"
"frontend","jest-watcher/node_modules/jest-util","27.5.1","MIT"
"frontend","jest-watcher/node_modules/picomatch","2.3.1","MIT"
"frontend","jest-worker","27.5.1","MIT"
"frontend","jest-worker/node_modules/supports-color","8.1.1","MIT"
"frontend","jiti","1.21.7","MIT"
"frontend","js-tokens","4.0.0","MIT"
"frontend","js-yaml","3.14.1","MIT"
"frontend","jsdom","16.7.0","MIT"
"frontend","jsdom/node_modules/form-data","3.0.3","MIT"
"frontend","jsesc","3.1.0","MIT"
"frontend","json-buffer","3.0.1","MIT"
"frontend","json-parse-even-better-errors","2.3.1","MIT"
"frontend","json-schema","0.4.0","(AFL-2.1 OR BSD-3-Clause)"
"frontend","json-schema-traverse","0.4.1","MIT"
"frontend","json-stable-stringify-without-jsonify","1.0.1","MIT"
"frontend","json5","2.2.3","MIT"
"frontend","jsonfile","6.1.0","MIT"
"frontend","jsonpath","1.1.1","MIT"
"frontend","jsonpath/node_modules/esprima","1.2.2","UNKNOWN"
"frontend","jsonpointer","5.0.1","MIT"
"frontend","jspdf","2.5.2","MIT"
"frontend","jspdf-autotable","3.8.4","MIT"
"frontend","jsx-ast-utils","3.3.5","MIT"
"frontend","keyv","4.5.4","MIT"
"frontend","kind-of","6.0.3","MIT"
"frontend","kleur","3.0.3","MIT"
"frontend","klona","2.0.6","MIT"
"frontend","language-subtag-registry","0.3.23","CC0-1.0"
"frontend","language-tags","1.0.9","MIT"
"frontend","launch-editor","2.10.0","MIT"
"frontend","leven","3.1.0","MIT"
"frontend","levn","0.4.1","MIT"
"frontend","lilconfig","2.1.0","MIT"
"frontend","lines-and-columns","1.2.4","MIT"
"frontend","loader-runner","4.3.0","MIT"
"frontend","loader-utils","2.0.4","MIT"
"frontend","locate-path","5.0.0","MIT"
"frontend","lodash","4.17.21","MIT"
"frontend","lodash.debounce","4.0.8","MIT"
"frontend","lodash.memoize","4.1.2","MIT"
"frontend","lodash.merge","4.6.2","MIT"
"frontend","lodash.sortby","4.7.0","MIT"
"frontend","lodash.uniq","4.5.0","MIT"
"frontend","loose-envify","1.4.0","MIT"
"frontend","lower-case","2.0.2","MIT"
"frontend","lru-cache","5.1.1","ISC"
"frontend","lz-string","1.5.0","MIT"
"frontend","magic-string","0.25.9","MIT"
"frontend","make-dir","3.1.0","MIT"
"frontend","make-dir/node_modules/semver","6.3.1","ISC"
"frontend","makeerror","1.0.12","BSD-3-Clause"
"frontend","math-intrinsics","1.1.0","MIT"
"frontend","mdn-data","2.0.4","CC0-1.0"
"frontend","media-typer","0.3.0","MIT"
"frontend","memfs","3.5.3","Unlicense"
"frontend","merge-descriptors","1.0.3","MIT"
"frontend","merge-stream","2.0.0","MIT"
"frontend","merge2","1.4.1","MIT"
"frontend","methods","1.1.2","MIT"
"frontend","micromatch","4.0.8","MIT"
"frontend","micromatch/node_modules/picomatch","2.3.1","MIT"
"frontend","mime","1.6.0","MIT"
"frontend","mime-db","1.52.0","MIT"
"frontend","mime-types","2.1.35","MIT"
"frontend","mimic-fn","2.1.0","MIT"
"frontend","min-indent","1.0.1","MIT"
"frontend","mini-css-extract-plugin","2.9.2","MIT"
"frontend","minimalistic-assert","1.0.1","ISC"
"frontend","minimatch","3.1.2","ISC"
"frontend","minimist","1.2.8","MIT"
"frontend","minipass","7.1.2","ISC"
"frontend","mkdirp","0.5.6","MIT"
"frontend","ms","2.1.3","MIT"
"frontend","multicast-dns","7.2.5","MIT"
"frontend","mz","2.7.0","MIT"
"frontend","nanoid","3.3.11","MIT"
"frontend","natural-compare","1.4.0","MIT"
"frontend","natural-compare-lite","1.4.0","MIT"
"frontend","negotiator","0.6.4","MIT"
"frontend","neo-async","2.6.2","MIT"
"frontend","no-case","3.0.4","MIT"
"frontend","node-forge","1.3.1","(BSD-3-Clause OR GPL-2.0)"
"frontend","node-int64","0.4.0","MIT"
"frontend","node-releases","2.0.19","MIT"
"frontend","normalize-path","3.0.0","MIT"
"frontend","normalize-range","0.1.2","MIT"
"frontend","normalize-url","6.1.0","MIT"
"frontend","npm-run-path","4.0.1","MIT"
"frontend","nth-check","2.1.1","BSD-2-Clause"
"frontend","nwsapi","2.2.20","MIT"
"frontend","object-assign","4.1.1","MIT"
"frontend","object-hash","3.0.0","MIT"
"frontend","object-inspect","1.13.4","MIT"
"frontend","object-is","1.1.6","MIT"
"frontend","object-keys","1.1.1","MIT"
"frontend","object.assign","4.1.7","MIT"
"frontend","object.entries","1.1.9","MIT"
"frontend","object.fromentries","2.0.8","MIT"
"frontend","object.getownpropertydescriptors","2.1.8","MIT"
"frontend","object.groupby","1.0.3","MIT"
"frontend","object.values","1.2.1","MIT"
"frontend","obuf","1.1.2","MIT"
"frontend","on-finished","2.4.1","MIT"
"frontend","on-headers","1.0.2","MIT"
"frontend","once","1.4.0","ISC"
"frontend","onetime","5.1.2","MIT"
"frontend","open","8.4.2","MIT"
"frontend","optionator","0.9.4","MIT"
"frontend","own-keys","1.0.1","MIT"
"frontend","p-limit","2.3.0","MIT"
"frontend","p-locate","4.1.0","MIT"
"frontend","p-retry","4.6.2","MIT"
"frontend","p-try","2.2.0","MIT"
"frontend","package-json-from-dist","1.0.1","BlueOak-1.0.0"
"frontend","param-case","3.0.4","MIT"
"frontend","parent-module","1.0.1","MIT"
"frontend","parse-json","5.2.0","MIT"
"frontend","parse5","6.0.1","MIT"
"frontend","parseurl","1.3.3","MIT"
"frontend","pascal-case","3.1.2","MIT"
"frontend","path-exists","4.0.0","MIT"
"frontend","path-is-absolute","1.0.1","MIT"
"frontend","path-key","3.1.1","MIT"
"frontend","path-parse","1.0.7","MIT"
"frontend","path-scurry","1.11.1","BlueOak-1.0.0"
"frontend","path-scurry/node_modules/lru-cache","10.4.3","ISC"
"frontend","path-to-regexp","0.1.12","MIT"
"frontend","path-type","4.0.0","MIT"
"frontend","performance-now","2.1.0","MIT"
"frontend","picocolors","1.1.1","ISC"
"frontend","picomatch","4.0.2","MIT"
"frontend","pify","2.3.0","MIT"
"frontend","pirates","4.0.7","MIT"
"frontend","pkg-dir","4.2.0","MIT"
"frontend","pkg-up","3.1.0","MIT"
"frontend","pkg-up/node_modules/find-up","3.0.0","MIT"
"frontend","pkg-up/node_modules/locate-path","3.0.0","MIT"
"frontend","pkg-up/node_modules/p-locate","3.0.0","MIT"
"frontend","pkg-up/node_modules/path-exists","3.0.0","MIT"
"frontend","possible-typed-array-names","1.1.0","MIT"
"frontend","postcss","8.5.6","MIT"
"frontend","postcss-attribute-case-insensitive","5.0.2","MIT"
"frontend","postcss-browser-comments","4.0.0","CC0-1.0"
"frontend","postcss-calc","8.2.4","MIT"
"frontend","postcss-clamp","4.1.0","MIT"
"frontend","postcss-color-functional-notation","4.2.4","CC0-1.0"
"frontend","postcss-color-hex-alpha","8.0.4","MIT"
"frontend","postcss-color-rebeccapurple","7.1.1","CC0-1.0"
"frontend","postcss-colormin","5.3.1","MIT"
"frontend","postcss-convert-values","5.1.3","MIT"
"frontend","postcss-custom-media","8.0.2","MIT"
"frontend","postcss-custom-properties","12.1.11","MIT"
"frontend","postcss-custom-selectors","6.0.3","MIT"
"frontend","postcss-dir-pseudo-class","6.0.5","CC0-1.0"
"frontend","postcss-discard-comments","5.1.2","MIT"
"frontend","postcss-discard-duplicates","5.1.0","MIT"
"frontend","postcss-discard-empty","5.1.1","MIT"
"frontend","postcss-discard-overridden","5.1.0","MIT"
"frontend","postcss-double-position-gradients","3.1.2","CC0-1.0"
"frontend","postcss-env-function","4.0.6","CC0-1.0"
"frontend","postcss-flexbugs-fixes","5.0.2","MIT"
"frontend","postcss-focus-visible","6.0.4","CC0-1.0"
"frontend","postcss-focus-within","5.0.4","CC0-1.0"
"frontend","postcss-font-variant","5.0.0","MIT"
"frontend","postcss-gap-properties","3.0.5","CC0-1.0"
"frontend","postcss-image-set-function","4.0.7","CC0-1.0"
"frontend","postcss-import","15.1.0","MIT"
"frontend","postcss-initial","4.0.1","MIT"
"frontend","postcss-js","4.0.1","MIT"
"frontend","postcss-lab-function","4.2.1","CC0-1.0"
"frontend","postcss-load-config","4.0.2","MIT"
"frontend","postcss-load-config/node_modules/lilconfig","3.1.3","MIT"
"frontend","postcss-load-config/node_modules/yaml","2.8.0","ISC"
"frontend","postcss-loader","6.2.1","MIT"
"frontend","postcss-logical","5.0.4","CC0-1.0"
"frontend","postcss-media-minmax","5.0.0","MIT"
"frontend","postcss-merge-longhand","5.1.7","MIT"
"frontend","postcss-merge-rules","5.1.4","MIT"
"frontend","postcss-minify-font-values","5.1.0","MIT"
"frontend","postcss-minify-gradients","5.1.1","MIT"
"frontend","postcss-minify-params","5.1.4","MIT"
"frontend","postcss-minify-selectors","5.2.1","MIT"
"frontend","postcss-modules-extract-imports","3.1.0","ISC"
"frontend","postcss-modules-local-by-default","4.2.0","MIT"
"frontend","postcss-modules-local-by-default/node_modules/postcss-selector-parser","7.1.0","MIT"
"frontend","postcss-modules-scope","3.2.1","ISC"
"frontend","postcss-modules-scope/node_modules/postcss-selector-parser","7.1.0","MIT"
"frontend","postcss-modules-values","4.0.0","ISC"
"frontend","postcss-nested","6.2.0","MIT"
"frontend","postcss-nesting","10.2.0","CC0-1.0"
"frontend","postcss-normalize","10.0.1","CC0-1.0"
"frontend","postcss-normalize-charset","5.1.0","MIT"
"frontend","postcss-normalize-display-values","5.1.0","MIT"
"frontend","postcss-normalize-positions","5.1.1","MIT"
"frontend","postcss-normalize-repeat-style","5.1.1","MIT"
"frontend","postcss-normalize-string","5.1.0","MIT"
"frontend","postcss-normalize-timing-functions","5.1.0","MIT"
"frontend","postcss-normalize-unicode","5.1.1","MIT"
"frontend","postcss-normalize-url","5.1.0","MIT"
"frontend","postcss-normalize-whitespace","5.1.1","MIT"
"frontend","postcss-opacity-percentage","1.1.3","MIT"
"frontend","postcss-ordered-values","5.1.3","MIT"
"frontend","postcss-overflow-shorthand","3.0.4","CC0-1.0"
"frontend","postcss-page-break","3.0.4","MIT"
"frontend","postcss-place","7.0.5","CC0-1.0"
"frontend","postcss-preset-env","7.8.3","CC0-1.0"
"frontend","postcss-pseudo-class-any-link","7.1.6","CC0-1.0"
"frontend","postcss-reduce-initial","5.1.2","MIT"
"frontend","postcss-reduce-transforms","5.1.0","MIT"
"frontend","postcss-replace-overflow-wrap","4.0.0","MIT"
"frontend","postcss-selector-not","6.0.1","MIT"
"frontend","postcss-selector-parser","6.1.2","MIT"
"frontend","postcss-svgo","5.1.0","MIT"
"frontend","postcss-svgo/node_modules/commander","7.2.0","MIT"
"frontend","postcss-svgo/node_modules/css-tree","1.1.3","MIT"
"frontend","postcss-svgo/node_modules/mdn-data","2.0.14","CC0-1.0"
"frontend","postcss-svgo/node_modules/source-map","0.6.1","BSD-3-Clause"
"frontend","postcss-svgo/node_modules/svgo","2.8.0","MIT"
"frontend","postcss-unique-selectors","5.1.1","MIT"
"frontend","postcss-value-parser","4.2.0","MIT"
"frontend","prelude-ls","1.2.1","MIT"
"frontend","pretty-bytes","5.6.0","MIT"
"frontend","pretty-error","4.0.0","MIT"
"frontend","pretty-format","27.5.1","MIT"
"frontend","pretty-format/node_modules/ansi-styles","5.2.0","MIT"
"frontend","process-nextick-args","2.0.1","MIT"
"frontend","promise","8.3.0","MIT"
"frontend","prompts","2.4.2","MIT"
"frontend","prop-types","15.8.1","MIT"
"frontend","prop-types/node_modules/react-is","16.13.1","MIT"
"frontend","proxy-addr","2.0.7","MIT"
"frontend","proxy-addr/node_modules/ipaddr.js","1.9.1","MIT"
"frontend","proxy-from-env","1.1.0","MIT"
"frontend","psl","1.15.0","MIT"
"frontend","punycode","2.3.1","MIT"
"frontend","q","1.5.1","MIT"
"frontend","qs","6.13.0","BSD-3-Clause"
"frontend","querystringify","2.2.0","MIT"
"frontend","queue-microtask","1.2.3","MIT"
"frontend","raf","3.4.1","MIT"
"frontend","randombytes","2.1.0","MIT"
"frontend","range-parser","1.2.1","MIT"
"frontend","raw-body","2.5.2","MIT"
"frontend","raw-body/node_modules/iconv-lite","0.4.24","MIT"
"frontend","react","18.3.1","MIT"
"frontend","react-app-polyfill","3.0.0","MIT"
"frontend","react-dev-utils","12.0.1","MIT"
"frontend","react-dev-utils/node_modules/find-up","5.0.0","MIT"
"frontend","react-dev-utils/node_modules/loader-utils","3.3.1","MIT"
"frontend","react-dev-utils/node_modules/locate-path","6.0.0","MIT"
"frontend","react-dev-utils/node_modules/p-limit","3.1.0","MIT"
"frontend","react-dev-utils/node_modules/p-locate","5.0.0","MIT"
"frontend","react-dom","18.3.1","MIT"
"frontend","react-error-overlay","6.1.0","MIT"
"frontend","react-feather","2.0.10","MIT"
"frontend","react-icons","4.12.0","MIT"
"frontend","react-is","17.0.2","MIT"
"frontend","react-refresh","0.11.0","MIT"
"frontend","react-router","6.30.1","MIT"
"frontend","react-router-dom","6.30.1","MIT"
"frontend","react-scripts","5.0.1","MIT"
"frontend","react-webcam","7.2.0","MIT"
"frontend","read-cache","1.0.0","MIT"
"frontend","readable-stream","3.6.2","MIT"
"frontend","readdirp","3.6.0","MIT"
"frontend","readdirp/node_modules/picomatch","2.3.1","MIT"
"frontend","recursive-readdir","2.2.3","MIT"
"frontend","redent","3.0.0","MIT"
"frontend","reflect.getprototypeof","1.0.10","MIT"
"frontend","regenerate","1.4.2","MIT"
"frontend","regenerate-unicode-properties","10.2.0","MIT"
"frontend","regenerator-runtime","0.13.11","MIT"
"frontend","regex-parser","2.3.1","MIT"
"frontend","regexp.prototype.flags","1.5.4","MIT"
"frontend","regexpu-core","6.2.0","MIT"
"frontend","regjsgen","0.8.0","MIT"
"frontend","regjsparser","0.12.0","BSD-2-Clause"
"frontend","regjsparser/node_modules/jsesc","3.0.2","MIT"
"frontend","relateurl","0.2.7","MIT"
"frontend","renderkid","3.0.0","MIT"
"frontend","require-directory","2.1.1","MIT"
"frontend","require-from-string","2.0.2","MIT"
"frontend","requires-port","1.0.0","MIT"
"frontend","resolve","1.22.10","MIT"
"frontend","resolve-cwd","3.0.0","MIT"
"frontend","resolve-from","5.0.0","MIT"
"frontend","resolve-url-loader","4.0.0","MIT"
"frontend","resolve-url-loader/node_modules/convert-source-map","1.9.0","MIT"
"frontend","resolve-url-loader/node_modules/picocolors","0.2.1","ISC"
"frontend","resolve-url-loader/node_modules/postcss","7.0.39","MIT"
"frontend","resolve-url-loader/node_modules/source-map","0.6.1","BSD-3-Clause"
"frontend","resolve.exports","1.1.1","MIT"
"frontend","retry","0.13.1","MIT"
"frontend","reusify","1.1.0","MIT"
"frontend","rgbcolor","1.0.1","MIT OR SEE LICENSE IN FEEL-FREE.md"
"frontend","rimraf","3.0.2","ISC"
"frontend","rollup","2.79.2","MIT"
"frontend","rollup-plugin-terser","7.0.2","MIT"
"frontend","rollup-plugin-terser/node_modules/jest-worker","26.6.2","MIT"
"frontend","rollup-plugin-terser/node_modules/serialize-javascript","4.0.0","BSD-3-Clause"
"frontend","run-parallel","1.2.0","MIT"
"frontend","safe-array-concat","1.1.3","MIT"
"frontend","safe-buffer","5.2.1","MIT"
"frontend","safe-push-apply","1.0.0","MIT"
"frontend","safe-regex-test","1.1.0","MIT"
"frontend","safer-buffer","2.1.2","MIT"
"frontend","sanitize.css","13.0.0","CC0-1.0"
"frontend","sass-loader","12.6.0","MIT"
"frontend","sax","1.2.4","ISC"
"frontend","saxes","5.0.1","ISC"
"frontend","scheduler","0.23.2","MIT"
"frontend","schema-utils","4.3.2","MIT"
"frontend","schema-utils/node_modules/ajv","8.17.1","MIT"
"frontend","schema-utils/node_modules/ajv-keywords","5.1.0","MIT"
"frontend","schema-utils/node_modules/json-schema-traverse","1.0.0","MIT"
"frontend","select-hose","2.0.0","MIT"
"frontend","selfsigned","2.4.1","MIT"
"frontend","semver","7.7.2","ISC"
"frontend","send","0.19.0","MIT"
"frontend","send/node_modules/debug","2.6.9","MIT"
"frontend","send/node_modules/debug/node_modules/ms","2.0.0","MIT"
"frontend","send/node_modules/encodeurl","1.0.2","MIT"
"frontend","serialize-javascript","6.0.2","BSD-3-Clause"
"frontend","serve-index","1.9.1","MIT"
"frontend","serve-index/node_modules/debug","2.6.9","MIT"
"frontend","serve-index/node_modules/depd","1.1.2","MIT"
"frontend","serve-index/node_modules/http-errors","1.6.3","MIT"
"frontend","serve-index/node_modules/inherits","2.0.3","ISC"
"frontend","serve-index/node_modules/ms","2.0.0","MIT"
"frontend","serve-index/node_modules/setprototypeof","1.1.0","ISC"
"frontend","serve-index/node_modules/statuses","1.5.0","MIT"
"frontend","serve-static","1.16.2","MIT"
"frontend","set-function-length","1.2.2","MIT"
"frontend","set-function-name","2.0.2","MIT"
"frontend","set-proto","1.0.0","MIT"
"frontend","setprototypeof","1.2.0","ISC"
"frontend","shebang-command","2.0.0","MIT"
"frontend","shebang-regex","3.0.0","MIT"
"frontend","shell-quote","1.8.3","MIT"
"frontend","side-channel","1.1.0","MIT"
"frontend","side-channel-list","1.0.0","MIT"
"frontend","side-channel-map","1.0.1","MIT"
"frontend","side-channel-weakmap","1.0.2","MIT"
"frontend","signal-exit","3.0.7","ISC"
"frontend","sisteransi","1.0.5","MIT"
"frontend","slash","3.0.0","MIT"
"frontend","sockjs","0.3.24","MIT"
"frontend","source-list-map","2.0.1","MIT"
"frontend","source-map","0.7.4","BSD-3-Clause"
"frontend","source-map-js","1.2.1","BSD-3-Clause"
"frontend","source-map-loader","3.0.2","MIT"
"frontend","source-map-support","0.5.21","MIT"
"frontend","source-map-support/node_modules/source-map","0.6.1","BSD-3-Clause"
"frontend","sourcemap-codec","1.4.8","MIT"
"frontend","spdy","4.0.2","MIT"
"frontend","spdy-transport","3.0.0","MIT"
"frontend","sprintf-js","1.0.3","BSD-3-Clause"
"frontend","ssf","0.11.2","Apache-2.0"
"frontend","stable","0.1.8","MIT"
"frontend","stack-utils","2.0.6","MIT"
"frontend","stack-utils/node_modules/escape-string-regexp","2.0.0","MIT"
"frontend","stackblur-canvas","2.7.0","MIT"
"frontend","stackframe","1.3.4","MIT"
"frontend","static-eval","2.0.2","MIT"
"frontend","static-eval/node_modules/escodegen","1.14.3","BSD-2-Clause"
"frontend","static-eval/node_modules/estraverse","4.3.0","BSD-2-Clause"
"frontend","static-eval/node_modules/levn","0.3.0","MIT"
"frontend","static-eval/node_modules/optionator","0.8.3","MIT"
"frontend","static-eval/node_modules/prelude-ls","1.1.2","UNKNOWN"
"frontend","static-eval/node_modules/source-map","0.6.1","BSD-3-Clause"
"frontend","static-eval/node_modules/type-check","0.3.2","MIT"
"frontend","statuses","2.0.1","MIT"
"frontend","stop-iteration-iterator","1.1.0","MIT"
"frontend","string_decoder","1.3.0","MIT"
"frontend","string-length","4.0.2","MIT"
"frontend","string-natural-compare","3.0.1","MIT"
"frontend","string-width","4.2.3","MIT"
"frontend","string-width-cjs","4.2.3","MIT"
"frontend","string-width-cjs/node_modules/emoji-regex","8.0.0","MIT"
"frontend","string-width/node_modules/emoji-regex","8.0.0","MIT"
"frontend","string.prototype.includes","2.0.1","MIT"
"frontend","string.prototype.matchall","4.0.12","MIT"
"frontend","string.prototype.repeat","1.0.0","MIT"
"frontend","string.prototype.trim","1.2.10","MIT"
"frontend","string.prototype.trimend","1.0.9","MIT"
"frontend","string.prototype.trimstart","1.0.8","MIT"
"frontend","stringify-object","3.3.0","BSD-2-Clause"
"frontend","strip-ansi","6.0.1","MIT"
"frontend","strip-ansi-cjs","6.0.1","MIT"
"frontend","strip-bom","4.0.0","MIT"
"frontend","strip-comments","2.0.1","MIT"
"frontend","strip-final-newline","2.0.0","MIT"
"frontend","strip-indent","3.0.0","MIT"
"frontend","strip-json-comments","3.1.1","MIT"
"frontend","style-loader","3.3.4","MIT"
"frontend","stylehacks","5.1.1","MIT"
"frontend","sucrase","3.35.0","MIT"
"frontend","sucrase/node_modules/brace-expansion","2.0.2","MIT"
"frontend","sucrase/node_modules/commander","4.1.1","MIT"
"frontend","sucrase/node_modules/glob","10.4.5","ISC"
"frontend","sucrase/node_modules/minimatch","9.0.5","ISC"
"frontend","supports-color","7.2.0","MIT"
"frontend","supports-hyperlinks","2.3.0","MIT"
"frontend","supports-preserve-symlinks-flag","1.0.0","MIT"
"frontend","svg-parser","2.0.4","MIT"
"frontend","svg-pathdata","6.0.3","MIT"
"frontend","svgo","1.3.2","MIT"
"frontend","svgo/node_modules/ansi-styles","3.2.1","MIT"
"frontend","svgo/node_modules/chalk","2.4.2","MIT"
"frontend","svgo/node_modules/color-convert","1.9.3","MIT"
"frontend","svgo/node_modules/color-name","1.1.3","MIT"
"frontend","svgo/node_modules/css-select","2.1.0","BSD-2-Clause"
"frontend","svgo/node_modules/css-what","3.4.2","BSD-2-Clause"
"frontend","svgo/node_modules/dom-serializer","0.2.2","MIT"
"frontend","svgo/node_modules/domutils","1.7.0","BSD-2-Clause"
"frontend","svgo/node_modules/domutils/node_modules/domelementtype","1.3.1","BSD-2-Clause"
"frontend","svgo/node_modules/escape-string-regexp","1.0.5","MIT"
"frontend","svgo/node_modules/has-flag","3.0.0","MIT"
"frontend","svgo/node_modules/nth-check","1.0.2","BSD-2-Clause"
"frontend","svgo/node_modules/supports-color","5.5.0","MIT"
"frontend","symbol-tree","3.2.4","MIT"
"frontend","tailwindcss","3.4.17","MIT"
"frontend","tailwindcss/node_modules/lilconfig","3.1.3","MIT"
"frontend","tapable","2.2.2","MIT"
"frontend","temp-dir","2.0.0","MIT"
"frontend","tempy","0.6.0","MIT"
"frontend","tempy/node_modules/type-fest","0.16.0","(MIT OR CC0-1.0)"
"frontend","terminal-link","2.1.1","MIT"
"frontend","terser","5.43.1","BSD-2-Clause"
"frontend","terser-webpack-plugin","5.3.14","MIT"
"frontend","terser/node_modules/commander","2.20.3","MIT"
"frontend","test-exclude","6.0.0","ISC"
"frontend","text-segmentation","1.0.3","MIT"
"frontend","text-table","0.2.0","MIT"
"frontend","thenify","3.3.1","MIT"
"frontend","thenify-all","1.6.0","MIT"
"frontend","throat","6.0.2","MIT"
"frontend","thunky","1.1.0","MIT"
"frontend","tmpl","1.0.5","BSD-3-Clause"
"frontend","to-regex-range","5.0.1","MIT"
"frontend","toidentifier","1.0.1","MIT"
"frontend","tough-cookie","4.1.4","BSD-3-Clause"
"frontend","tough-cookie/node_modules/universalify","0.2.0","MIT"
"frontend","tr46","2.1.0","MIT"
"frontend","tryer","1.0.1","MIT"
"frontend","ts-interface-checker","0.1.13","Apache-2.0"
"frontend","tsconfig-paths","3.15.0","MIT"
"frontend","tsconfig-paths/node_modules/json5","1.0.2","MIT"
"frontend","tsconfig-paths/node_modules/strip-bom","3.0.0","MIT"
"frontend","tslib","2.8.1","0BSD"
"frontend","tsutils","3.21.0","MIT"
"frontend","tsutils/node_modules/tslib","1.14.1","0BSD"
"frontend","type-check","0.4.0","MIT"
"frontend","type-detect","4.0.8","MIT"
"frontend","type-fest","0.20.2","(MIT OR CC0-1.0)"
"frontend","type-is","1.6.18","MIT"
"frontend","typed-array-buffer","1.0.3","MIT"
"frontend","typed-array-byte-length","1.0.3","MIT"
"frontend","typed-array-byte-offset","1.0.4","MIT"
"frontend","typed-array-length","1.0.7","MIT"
"frontend","typedarray-to-buffer","3.1.5","MIT"
"frontend","typescript","4.9.5","Apache-2.0"
"frontend","unbox-primitive","1.1.0","MIT"
"frontend","underscore","1.12.1","MIT"
"frontend","undici-types","7.8.0","MIT"
"frontend","unicode-canonical-property-names-ecmascript","2.0.1","MIT"
"frontend","unicode-match-property-ecmascript","2.0.0","MIT"
"frontend","unicode-match-property-value-ecmascript","2.2.0","MIT"
"frontend","unicode-property-aliases-ecmascript","2.1.0","MIT"
"frontend","unique-string","2.0.0","MIT"
"frontend","universalify","2.0.1","MIT"
"frontend","unpipe","1.0.0","MIT"
"frontend","unquote","1.1.1","MIT"
"frontend","upath","1.2.0","MIT"
"frontend","update-browserslist-db","1.1.3","MIT"
"frontend","uri-js","4.4.1","BSD-2-Clause"
"frontend","url-parse","1.5.10","MIT"
"frontend","util-deprecate","1.0.2","MIT"
"frontend","util.promisify","1.0.1","MIT"
"frontend","utila","0.4.0","MIT"
"frontend","utils-merge","1.0.1","MIT"
"frontend","utrie","1.0.2","MIT"
"frontend","uuid","8.3.2","MIT"
"frontend","v8-to-istanbul","8.1.1","ISC"
"frontend","v8-to-istanbul/node_modules/convert-source-map","1.9.0","MIT"
"frontend","vary","1.1.2","MIT"
"frontend","w3c-hr-time","1.0.2","MIT"
"frontend","w3c-xmlserializer","2.0.0","MIT"
"frontend","walker","1.0.8","Apache-2.0"
"frontend","watchpack","2.4.4","MIT"
"frontend","wbuf","1.7.3","MIT"
"frontend","web-vitals","2.1.4","Apache-2.0"
"frontend","webidl-conversions","6.1.0","BSD-2-Clause"
"frontend","webpack","5.100.1","MIT"
"frontend","webpack-dev-middleware","5.3.4","MIT"
"frontend","webpack-dev-server","4.15.2","MIT"
"frontend","webpack-dev-server/node_modules/ws","8.18.3","MIT"
"frontend","webpack-manifest-plugin","4.1.1","MIT"
"frontend","webpack-manifest-plugin/node_modules/source-map","0.6.1","BSD-3-Clause"
"frontend","webpack-manifest-plugin/node_modules/webpack-sources","2.3.1","MIT"
"frontend","webpack-sources","3.3.3","MIT"
"frontend","webpack/node_modules/eslint-scope","5.1.1","BSD-2-Clause"
"frontend","webpack/node_modules/estraverse","4.3.0","BSD-2-Clause"
"frontend","websocket-driver","0.7.4","Apache-2.0"
"frontend","websocket-extensions","0.1.4","Apache-2.0"
"frontend","whatwg-encoding","1.0.5","MIT"
"frontend","whatwg-encoding/node_modules/iconv-lite","0.4.24","MIT"
"frontend","whatwg-fetch","3.6.20","MIT"
"frontend","whatwg-mimetype","2.3.0","MIT"
"frontend","whatwg-url","8.7.0","MIT"
"frontend","which","2.0.2","ISC"
"frontend","which-boxed-primitive","1.1.1","MIT"
"frontend","which-builtin-type","1.2.1","MIT"
"frontend","which-collection","1.0.2","MIT"
"frontend","which-typed-array","1.1.19","MIT"
"frontend","wmf","1.0.2","Apache-2.0"
"frontend","word","0.3.0","Apache-2.0"
"frontend","word-wrap","1.2.5","MIT"
"frontend","workbox-background-sync","6.6.0","MIT"
"frontend","workbox-broadcast-update","6.6.0","MIT"
"frontend","workbox-build","6.6.0","MIT"
"frontend","workbox-build/node_modules/@apideck/better-ajv-errors","0.3.6","MIT"
"frontend","workbox-build/node_modules/ajv","8.17.1","MIT"
"frontend","workbox-build/node_modules/fs-extra","9.1.0","MIT"
"frontend","workbox-build/node_modules/json-schema-traverse","1.0.0","MIT"
"frontend","workbox-build/node_modules/source-map","0.8.0-beta.0","BSD-3-Clause"
"frontend","workbox-build/node_modules/tr46","1.0.1","MIT"
"frontend","workbox-build/node_modules/webidl-conversions","4.0.2","BSD-2-Clause"
"frontend","workbox-build/node_modules/whatwg-url","7.1.0","MIT"
"frontend","workbox-cacheable-response","6.6.0","MIT"
"frontend","workbox-core","6.6.0","MIT"
"frontend","workbox-expiration","6.6.0","MIT"
"frontend","workbox-google-analytics","6.6.0","MIT"
"frontend","workbox-navigation-preload","6.6.0","MIT"
"frontend","workbox-precaching","6.6.0","MIT"
"frontend","workbox-range-requests","6.6.0","MIT"
"frontend","workbox-recipes","6.6.0","MIT"
"frontend","workbox-routing","6.6.0","MIT"
"frontend","workbox-strategies","6.6.0","MIT"
"frontend","workbox-streams","6.6.0","MIT"
"frontend","workbox-sw","6.6.0","MIT"
"frontend","workbox-webpack-plugin","6.6.0","MIT"
"frontend","workbox-webpack-plugin/node_modules/source-map","0.6.1","BSD-3-Clause"
"frontend","workbox-webpack-plugin/node_modules/webpack-sources","1.4.3","MIT"
"frontend","workbox-window","6.6.0","MIT"
"frontend","wrap-ansi","7.0.0","MIT"
"frontend","wrap-ansi-cjs","7.0.0","MIT"
"frontend","wrappy","1.0.2","ISC"
"frontend","write-file-atomic","3.0.3","ISC"
"frontend","ws","7.5.10","MIT"
"frontend","xlsx","0.18.5","Apache-2.0"
"frontend","xml-name-validator","3.0.0","Apache-2.0"
"frontend","xmlchars","2.2.0","MIT"
"frontend","y18n","5.0.8","ISC"
"frontend","yallist","3.1.1","ISC"
"frontend","yaml","1.10.2","ISC"
"frontend","yargs","16.2.0","MIT"
"frontend","yargs-parser","20.2.9","ISC"
"frontend","yocto-queue","0.1.0","MIT"
